stage,event,gender,age,industry,profession,traffic,coach,head_gender,greywage,way ,extraversion,independ,selfcontrol,anxiety,novator
1,m,35,Banks,HR,rabrecNErab,no,f,white,bus,6.2,4.1,5.7,7.1,8.3,
1,m,33,Banks,HR,empjs,no,m,white,bus,6.2,4.1,5.7,7.1,8.3,
1,f,35,PowerGeneration,HR,rabrecNErab,no,m,white,bus,6.2,6.2,2.6,4.8,8.3,
1,f,35,PowerGeneration,HR,rabrecNErab,no,m,white,bus,5.4,7.6,4.9,2.5,6.7,
1,m,32,Retail,Commercial,youjs,yes,f,white,bus,3,4.1,8,7.1,3.7,
1,f,42,manufacture,HR,empjs,yes,m,white,bus,6.2,6.2,4.1,5.6,6.7,
1,f,42,manufacture,HR,empjs,yes,m,white,bus,6.2,6.2,4.1,5.6,6.7,
1,f,28,Retail,HR,referal,no,m,white,bus,3.8,5.5,8,4,4.4,
1,f,29,Banks,HR,empjs,no,f,white,bus,8.6,6.9,2.6,4,7.5,
1,f,30,Consult,Marketing,youjs,yes,m,white,bus,5.4,5.5,3.3,7.9,8.3,
1,f,40,manufacture,HR,rabrecNErab,no,m,white,car,8.6,4.1,1.8,7.1,6.7,
1,m,23,Banks,HR,referal,yes,m,white,bus,3,6.9,4.9,4.8,7.5,
1,f,22,Consult,HR,rabrecNErab,my head,f,white,foot,5.4,8.4,4.9,3.3,6,
1,f,24,State,etc,advert,yes,f,white,foot,7,6.2,4.1,7.1,9,
1,f,25,etc,HR,KA,my head,f,white,foot,9.4,1.2,4.1,5.6,6.7,
1,f,28,Building,HR,youjs,no,m,white,car,8.6,5.5,4.9,4.8,5.2,
1,f,30,Banks,HR,rabrecNErab,no,m,white,bus,5.4,5.5,3.3,4.8,6.7,
1,f,27,IT,Sales,referal,yes,m,white,bus,5.4,6.9,2.6,5.6,8.3,
1,f,36,Banks,HR,referal,yes,f,grey,bus,5.4,6.9,3.3,3.3,7.5,
1,f,29,etc,HR,referal,no,m,white,bus,7.8,6.2,6.4,7.9,6,
1,f,29,etc,HR,referal,no,m,white,bus,3.8,3.4,5.7,8.7,7.5,
1,f,48,State,BusinessDevelopment,empjs,no,f,white,bus,4.6,6.2,4.9,5.6,6.7,
1,f,29,Banks,Finanñe,KA,no,f,white,car,7.8,4.8,5.7,7.1,6,
1,f,25,Banks,HR,recNErab,yes,f,white,bus,5.4,4.8,7.2,5.6,5.2,
1,f,25,Banks,HR,recNErab,yes,f,white,bus,4.6,4.1,8.7,5.6,2.1,
1,f,36,Banks,Finanñe,rabrecNErab,no,m,white,car,7.8,6.9,3.3,3.3,7.5,
1,f,36,Retail,HR,rabrecNErab,my head,m,white,bus,7.8,2.6,5.7,7.1,5.2,
1,m,29,Banks,HR,rabrecNErab,no,f,white,car,3.8,1.9,9.5,7.9,3.7,
1,f,35, HoReCa,HR,empjs,my head,f,white,bus,3,7.6,7.2,4,7.5,
1,f,35, HoReCa,HR,empjs,my head,f,white,bus,1.4,8.4,8,4.8,6,
1,f,21,Telecom,Sales,rabrecNErab,yes,f,white,bus,8.6,4.1,4.9,5.6,6,
1,m,35,etc,Sales,youjs,no,m,white,car,4.6,3.4,4.1,8.7,4.4,
1,f,25,etc,etc,referal,my head,f,white,bus,3.8,6.9,6.4,7.1,7.5,
1,f,30.40033257,Retail,HR,youjs,no,m,white,bus,7,6.2,4.1,2.5,6.7,
1,f,29,Consult,HR,rabrecNErab,no,f,white,bus,7,6.2,4.1,4,9,
1,f,22,Pharma,HR,rabrecNErab,no,m,white,bus,3,4.1,8.7,7.1,6,
1,f,34,Retail,HR,KA,no,m,white,car,5.4,5.5,4.9,4.8,4.4,
1,f,34,Retail,HR,KA,no,m,white,car,6.2,6.2,4.9,3.3,2.9,
1,f,34,Retail,HR,KA,no,m,white,car,5.4,5.5,4.9,4.8,4.4,
1,f,34,Retail,HR,KA,no,m,white,car,6.2,6.2,4.9,3.3,2.9,
1,f,21,etc,HR,empjs,no,f,white,bus,5.4,7.6,4.9,3.3,2.1,
1,f,22,etc,HR,youjs,yes,f,grey,car,7,4.8,6.4,4,4.4,
1,f,32,Retail,HR,youjs,no,m,white,car,3,7.6,7.2,4.8,2.9,
1,f,36,Pharma,etc,empjs,no,f,white,car,4.6,7.6,5.7,5.6,8.3,
1,f,30,Banks,HR,youjs,no,m,white,bus,6.2,3.4,8,3.3,3.7,
1,f,32,Retail,HR,rabrecNErab,my head,m,white,bus,3.8,6.2,8,4,6,
1,f,33,Retail,HR,empjs,no,m,white,car,7,4.8,4.1,7.1,8.3,
1,f,49,State,BusinessDevelopment,empjs,my head,f,white,bus,4.6,6.2,4.9,5.6,6.7,
1,f,29,Retail,HR,empjs,yes,m,white,bus,7.8,5.5,5.7,4,5.2,
1,f,29,Retail,HR,empjs,yes,m,white,bus,6.2,6.2,5.7,6.3,2.9,
1,f,29,Retail,HR,empjs,yes,m,white,bus,7,6.2,5.7,4,3.7,
1,m,36,Mining,HR,empjs,no,m,white,foot,4.6,4.8,7.2,6.3,7.5,
1,f,22,State,Teaching,advert,my head,m,white,bus,8.6,4.8,4.9,4,6.7,
1,f,21,transport,HR,empjs,yes,f,white,foot,7.8,5.5,2.6,7.1,9,
1,f,25,Retail,HR,empjs,no,f,white,bus,8.6,6.2,3.3,6.3,6,
1,m,38,manufacture,HR,rabrecNErab,no,m,white,car,6.2,3.4,7.2,6.3,3.7,
1,m,38,manufacture,HR,rabrecNErab,no,m,white,car,7,5.5,5.7,6.3,6,
1,f,23,Consult,HR,empjs,yes,f,white,bus,10,4.8,4.1,5.6,8.3,
1,f,23,Consult,HR,empjs,yes,f,white,bus,8.6,4.8,4.1,6.3,9,
1,m,38,Banks,BusinessDevelopment,recNErab,no,m,white,car,8.6,3.4,6.4,4,6,
1,f,24,Retail,HR,youjs,no,f,white,foot,6.2,7.6,3.3,3.3,6.7,
1,f,24,Retail,HR,youjs,no,f,white,foot,6.2,7.6,3.3,3.3,6.7,
1,f,36,manufacture,HR,rabrecNErab,my head,m,white,car,4.6,4.1,8,5.6,6,
1,f,21,State,Sales,advert,my head,m,grey,bus,4.6,5.5,7.2,3.3,5.2,
1,f,29,Telecom,HR,rabrecNErab,my head,f,white,foot,3.8,6.9,6.4,5.6,8.3,
1,f,29,Banks,HR,empjs,my head,f,white,bus,7,6.2,4.1,4,4.4,
1,f,26,manufacture,HR,referal,no,f,white,car,3.8,4.8,5.7,7.9,2.9,
1,m,36,etc,manage,rabrecNErab,my head,m,white,car,6.2,4.1,6.4,6.3,5.2,
1,m,36,etc,manage,rabrecNErab,my head,m,white,car,8.6,2.6,7.2,4.8,4.4,
1,f,30.40033257,State,Teaching,recNErab,no,m,white,foot,4.6,9.1,4.1,4,6,
1,f,22,State,HR,referal,my head,f,white,bus,6.2,5.5,3.3,6.3,6.7,
1,m,29,Banks,Marketing,rabrecNErab,no,f,white,bus,6.2,4.8,6.4,5.6,5.2,
1,f,23,State,Teaching,advert,no,f,white,bus,7,5.5,3.3,6.3,5.2,
1,m,22,manufacture,manage,advert,no,f,white,foot,7.8,5.5,1,9.4,9,
1,f,36,etc,HR,rabrecNErab,no,m,white,bus,7.8,4.8,4.9,5.6,9,
1,m,27,State,Teaching,rabrecNErab,no,f,white,bus,6.2,5.5,6.4,4,4.4,
0,f,34,Retail,HR,empjs,no,f,white,car,8.6,5.5,4.1,5.6,6.7,
0,f,34,Retail,HR,empjs,no,f,white,car,8.6,3.4,4.1,7.1,6,
0,f,34,Retail,HR,empjs,no,f,white,car,7.8,4.1,4.1,7.1,6.7,
1,f,25,Banks,HR,recNErab,no,f,white,bus,5.4,4.8,7.2,5.6,5.2,
1,f,25,Banks,HR,recNErab,no,f,white,bus,4.6,4.1,8.7,5.6,2.1,
1,f,24,Consult,HR,rabrecNErab,no,f,white,bus,5.4,6.9,4.9,4,6.7,
1,f,27,Retail,etc,referal,yes,m,white,bus,5.4,6.9,2.6,5.6,8.3,
1,f,34,Banks,BusinessDevelopment,KA,my head,m,white,car,7,6.2,7.2,2.5,5.2,
1,f,34,Banks,BusinessDevelopment,KA,my head,m,white,car,8.6,6.9,5.7,3.3,4.4,
1,f,24,IT,HR,KA,no,f,white,bus,6.2,4.8,7.2,4,6.7,
1,f,23,State,Teaching,referal,yes,f,white,bus,3.8,6.9,8,1.7,2.1,
1,f,38,Telecom,HR,youjs,no,m,white,car,4.6,5.5,7.2,6.3,7.5,
1,f,25,Banks,HR,empjs,no,m,white,bus,6.2,6.2,5.7,5.6,7.5,
1,f,25,Banks,HR,empjs,no,m,white,bus,6.2,7.6,4.1,4.8,9,
1,f,28,manufacture,HR,youjs,my head,m,white,bus,6.2,4.8,4.1,4,6.7,
1,f,29,manufacture,HR,rabrecNErab,my head,f,white,car,7,5.5,1.8,6.3,6,
1,m,26,etc,Commercial,rabrecNErab,no,m,white,car,6.2,4.1,4.9,6.3,2.9,
1,m,21,etc,Marketing,referal,no,m,white,bus,4.6,6.9,4.1,5.6,6,
1,f,25,Consult,HR,youjs,my head,f,white,bus,5.4,6.9,5.7,3.3,2.9,
1,f,25,Consult,HR,youjs,my head,f,white,bus,5.4,6.9,5.7,3.3,2.9,
1,f,24,Consult,HR,youjs,no,f,white,bus,4.6,6.9,5.7,5.6,2.9,
1,f,31,State,HR,rabrecNErab,no,m,grey,bus,2.2,1,8,8.7,3.7,
1,f,45,Retail,HR,empjs,no,f,white,bus,3,5.5,10,6.3,2.9,
1,f,21,etc,etc,rabrecNErab,my head,f,white,bus,7,6.9,5.7,4,5.2,
1,f,22,etc,HR,youjs,my head,f,white,bus,5.4,6.2,4.1,8.7,8.3,
1,f,37,Mining,Commercial,KA,yes,m,white,bus,3.8,7.6,4.9,7.1,9,
1,f,32,etc,HR,empjs,my head,m,white,bus,7.8,6.2,3.3,4,8.3,
1,f,37,manufacture,HR,rabrecNErab,my head,m,white,bus,7,4.8,5.7,6.3,8.3,
1,f,30,Retail,HR,KA,no,f,white,bus,6.2,6.2,5.7,5.6,8.3,
1,f,37,transport,HR,youjs,no,m,white,bus,6.2,5.5,5.7,6.3,9,
1,f,22,Pharma,HR,rabrecNErab,no,m,white,bus,3.8,1.9,8.7,6.3,4.4,
1,f,22,Pharma,HR,rabrecNErab,no,m,white,bus,5.4,2.6,8,7.1,5.2,
1,f,22,Banks,IT,referal,my head,m,white,bus,4.6,4.8,6.4,7.1,6,
1,f,22,Banks,IT,referal,my head,m,white,bus,4.6,6.2,6.4,4,6.7,
1,m,28,Telecom,IT,rabrecNErab,no,m,white,car,8.6,6.2,1,5.6,6.7,
1,m,28,Telecom,IT,rabrecNErab,no,m,white,car,7,6.2,2.6,5.6,8.3,
1,m,25,manufacture,HR,empjs,my head,f,white,car,6.2,5.5,5.7,5.6,4.4,
1,f,23,Building,Marketing,rabrecNErab,my head,f,white,bus,3.8,7.6,7.2,2.5,4.4,
1,m,25,Building,HR,youjs,yes,f,white,bus,7,4.8,4.9,5.6,6,
1,f,26,Banks,HR,youjs,no,f,white,bus,4.6,6.2,5.7,4,6,
1,f,26,Banks,HR,youjs,no,f,white,bus,4.6,5.5,6.4,5.6,5.2,
1,m,30,Retail,Sales,youjs,no,m,white,car,7,4.8,1.8,8.7,6.7,
1,m,38,IT,IT,referal,no,m,white,car,6.2,4.1,1.8,8.7,8.3,
1,f,37,State,Marketing,recNErab,no,f,white,foot,9.4,4.1,4.9,4,8.3,
1,f,26,Agriculture,Law,rabrecNErab,no,m,grey,bus,5.4,4.8,8.7,5.6,2.9,
1,f,27,Banks,HR,youjs,no,f,white,car,3.8,4.8,9.5,6.3,3.7,
1,f,29,Retail,etc,empjs,no,m,white,bus,7.8,5.5,5.7,4,5.2,
1,f,29,Retail,etc,empjs,no,m,white,bus,6.2,6.2,5.7,6.3,2.9,
1,f,29,Retail,etc,empjs,no,m,white,bus,7,6.2,5.7,4,3.7,
1,f,26,manufacture,HR,rabrecNErab,no,m,white,bus,3.8,5.5,8.7,3.3,3.7,
1,f,26,manufacture,HR,rabrecNErab,no,m,white,bus,3,6.9,6.4,3.3,2.9,
1,f,49,manufacture,HR,empjs,my head,m,white,bus,6.2,8.4,3.3,3.3,6,
1,m,21,Banks,HR,recNErab,yes,f,white,foot,7.8,6.2,2.6,5.6,9,
1,m,21,Banks,HR,recNErab,yes,f,white,foot,7,3.4,3.3,7.1,8.3,
1,m,26,Mining,HR,empjs,yes,f,white,car,4.6,3.4,8.7,7.9,7.5,
1,f,22,etc,Marketing,rabrecNErab,no,f,grey,car,5.4,6.9,6.4,4,4.4,
1,m,51,Retail,etc,referal,no,m,white,car,3,5.5,9.5,5.6,5.2,
1,f,28,manufacture,Finanñe,rabrecNErab,no,m,white,car,7.8,3.4,6.4,4,4.4,
1,m,52,Consult,Consult,rabrecNErab,no,m,white,foot,3,9.1,4.9,6.3,6.7,
1,f,43,Pharma,HR,youjs,my head,f,white,car,4.6,5.5,3.3,7.9,7.5,
1,f,44,manufacture,HR,rabrecNErab,no,m,grey,car,7,6.9,4.9,3.3,6,
1,f,45,manufacture,Engineer,rabrecNErab,my head,f,white,bus,3.8,4.1,7.2,5.6,3.7,
1,f,27,Building,HR,rabrecNErab,no,f,white,bus,3.8,9.8,4.1,4,9,
1,f,26,Retail,HR,youjs,my head,f,white,bus,7,5.5,4.1,4.8,7.5,
1,f,25,manufacture,HR,advert,yes,f,white,car,9.4,3.4,1.8,8.7,7.5,
1,f,19,Banks,HR,advert,yes,m,white,foot,7,3.4,5.7,7.9,6.7,
1,f,31,etc,HR,rabrecNErab,no,m,white,bus,9.4,3.4,1,8.7,9.8,
1,f,31,Banks,HR,rabrecNErab,no,f,grey,bus,3.8,4.1,7.2,8.7,2.1,
1,f,31,Banks,HR,rabrecNErab,no,f,grey,bus,3.8,4.1,7.2,8.7,2.1,
1,f,31,RealEstate,HR,referal,my head,f,white,bus,6.2,4.8,8.7,6.3,5.2,
1,f,30.40033257,etc,HR,youjs,no,f,white,bus,6.2,4.1,6.4,6.3,1,
1,f,30.40033257,etc,HR,youjs,no,f,white,bus,7,6.9,4.1,6.3,3.7,
1,f,18,Retail,HR,advert,no,f,white,bus,6.2,5.5,6.4,4.8,5.2,
1,m,33,IT,Consult,youjs,yes,m,white,car,3,10,5.7,6.3,8.3,
1,f,36,Retail,Sales,youjs,no,m,white,bus,5.4,4.8,4.9,4.8,6,
1,f,31,etc,HR,empjs,my head,m,white,car,3,5.5,7.2,5.6,6,
1,f,45,IT,HR,rabrecNErab,no,m,white,car,7.8,4.8,4.1,4,6,
1,f,29,Retail,HR,empjs,my head,f,white,car,8.6,6.9,4.9,3.3,6,
1,m,23,Banks,HR,rabrecNErab,no,f,white,bus,5.4,5.5,5.7,8.7,5.2,
1,f,27,Retail,HR,rabrecNErab,my head,f,white,car,6.2,4.8,6.4,6.3,2.9,
1,f,22,Retail,Sales,youjs,yes,m,grey,bus,8.6,4.1,4.9,4.8,5.2,
1,m,47,manufacture,Commercial,empjs,no,m,grey,bus,3.8,1.9,8.7,8.7,2.1,
1,m,47,manufacture,Commercial,empjs,no,m,grey,bus,4.6,4.1,5.7,9.4,3.7,
1,m,47,manufacture,Commercial,empjs,no,m,grey,bus,3,5.5,4.9,9.4,4.4,
1,f,30.40033257,Consult,HR,youjs,no,m,white,bus,7.8,5.5,4.9,7.1,6,
1,f,28,transport,HR,rabrecNErab,my head,f,white,car,4.6,6.9,4.9,4,6,
0,f,43,manufacture,HR,rabrecNErab,my head,m,white,bus,4.6,7.6,4.9,5.6,6,
1,m,26,Consult,Consult,referal,no,f,white,bus,8.6,5.5,4.1,7.1,6.7,
1,f,31,Retail,Sales,KA,no,f,grey,bus,5.4,5.5,7.2,4.8,1.3,
1,m,24,Retail,HR,empjs,my head,f,grey,bus,4.6,7.6,6.4,4.8,6.7,
1,f,27,Building,HR,rabrecNErab,no,f,white,bus,3.8,9.8,4.1,4,9,
1,m,35,Retail,HR,rabrecNErab,no,m,white,car,6.2,5.5,5.7,4,2.9,
1,m,35,Retail,HR,rabrecNErab,no,m,white,car,7,4.8,2.6,5.6,6,
1,f,31,PowerGeneration,HR,youjs,my head,f,white,car,5.4,4.1,6.4,4.8,4.4,
1,m,23,IT,HR,empjs,no,f,white,bus,7,4.1,6.4,4.8,5.2,
1,f,40,Banks,Sales,advert,my head,f,white,car,5.4,4.1,4.9,6.3,7.5,
1,f,31,IT,HR,KA,no,m,white,bus,5.4,6.9,3.3,4,8.3,
1,f,37,etc,HR,youjs,yes,f,white,bus,6.2,6.2,6.4,5.6,5.2,
1,f,24,IT,HR,youjs,yes,f,white,bus,8.6,4.1,4.9,3.3,6,
1,f,23,Building,HR,empjs,no,f,grey,bus,5.4,8.4,4.1,4.8,6,
1,f,23,Building,HR,empjs,no,f,grey,bus,7.8,5.5,4.1,4.8,5.2,
1,f,46,RealEstate,HR,rabrecNErab,no,m,white,car,4.6,7.6,6.4,4,6,
1,f,23,Consult,Marketing,youjs,yes,f,white,bus,6.2,4.8,5.7,3.3,3.7,
1,f,40,IT,HR,empjs,yes,m,white,bus,3,8.4,7.2,4.8,8.3,
1,m,39,manufacture,Engineer,recNErab,no,m,white,car,3.8,4.8,5.7,7.9,3.7,
1,f,28,Retail,HR,youjs,no,f,white,car,3,5.5,6.4,5.6,3.7,
1,m,40,etc,HR,empjs,yes,m,white,car,5.4,3.4,5.7,7.9,9.8,
1,m,33,Retail,Finanñe,rabrecNErab,no,f,white,bus,2.2,6.2,6.4,6.3,5.2,
1,m,33,Retail,Finanñe,rabrecNErab,no,f,white,bus,3.8,4.1,8,6.3,4.4,
1,f,24,Banks,HR,referal,no,f,white,foot,7.8,6.2,4.9,1.7,3.7,
1,f,38,Retail,HR,rabrecNErab,no,m,white,bus,6.2,4.1,4.9,5.6,6.7,
1,m,35,manufacture,BusinessDevelopment,rabrecNErab,no,m,white,car,5.4,4.8,4.1,7.9,7.5,
1,f,33,manufacture,HR,referal,my head,m,white,car,4.6,4.8,7.2,7.9,6,
1,f,36,etc,HR,empjs,no,m,white,foot,3,6.9,6.4,4.8,6,
1,f,36,etc,HR,empjs,no,m,white,foot,2.2,6.9,8,6.3,3.7,
1,f,36,etc,HR,empjs,no,m,white,foot,3,6.9,7.2,4.8,5.2,
1,f,22,etc,HR,youjs,yes,f,white,bus,9.4,4.1,4.1,4.8,9,
1,f,38,manufacture,HR,rabrecNErab,no,m,white,bus,7.8,2.6,5.7,7.1,5.2,
1,f,23,Banks,HR,rabrecNErab,yes,f,white,bus,4.6,6.9,7.2,5.6,4.4,
1,f,23,Banks,HR,rabrecNErab,yes,f,white,bus,6.2,4.8,4.9,4.8,3.7,
1,f,24,etc,Sales,rabrecNErab,my head,f,white,bus,6.2,5.5,5.7,3.3,2.1,
1,m,26,Retail,Sales,recNErab,no,m,white,car,3,5.5,5.7,7.1,6.7,
1,f,33,etc,etc,advert,no,m,white,bus,5.4,1,9.5,9.4,5.2,
1,f,40,Banks,HR,empjs,yes,f,grey,bus,6.2,3.4,8,3.3,3.7,
1,f,23,manufacture,manage,KA,no,f,white,car,3.8,4.1,8.7,4,2.9,
1,f,27,Retail,HR,youjs,no,m,white,car,8.6,4.8,7.2,4,3.7,
1,f,24,PowerGeneration,Sales,empjs,my head,f,white,bus,5.4,6.2,4.1,6.3,9.8,
1,f,30,Banks,HR,rabrecNErab,no,f,white,car,5.4,7.6,2.6,5.6,6,
1,f,37,Pharma,etc,empjs,no,f,white,car,4.6,7.6,5.7,5.6,8.3,
1,f,31,manufacture,HR,rabrecNErab,no,m,grey,bus,3,7.6,4.9,5.6,5.2,
1,f,31,Retail,HR,KA,no,m,white,bus,3.8,10,3.3,3.3,6.7,
1,f,23,IT,HR,youjs,my head,f,white,bus,1.4,2.6,9.5,8.7,2.1,
1,f,40,Banks,HR,empjs,no,f,white,bus,7.8,5.5,2.6,6.3,8.3,
1,f,40,Banks,HR,empjs,no,f,white,bus,8.6,5.5,3.3,6.3,7.5,
1,f,40,Banks,HR,empjs,no,f,white,bus,7,6.9,4.1,5.6,7.5,
1,f,37,etc,Marketing,youjs,no,f,white,bus,4.6,2.6,8.7,4,2.9,
1,f,30,Retail,Sales,youjs,no,f,white,bus,4.6,2.6,7.2,6.3,5.2,
1,f,38,State,Teaching,referal,no,f,white,foot,3,9.1,4.1,4.8,6,
1,m,32,Mining,Law,rabrecNErab,no,f,white,bus,3,4.8,4.1,7.1,7.5,
1,f,34,Building,Marketing,referal,no,m,grey,car,9.4,3.4,4.9,3.3,6,
1,f,25,manufacture,HR,youjs,my head,f,grey,car,3,4.8,7.2,7.9,5.2,
1,f,25,manufacture,HR,youjs,my head,f,grey,car,3,5.5,5.7,7.1,5.2,
0,m,33,Retail,HR,empjs,my head,f,white,car,4.6,6.2,8,7.1,5.2,
0,m,33,Retail,HR,empjs,my head,f,white,car,5.4,7.6,5.7,7.1,6,
0,m,33,Retail,HR,rabrecNErab,my head,m,white,car,3,4.1,8,7.1,3.7,
1,m,37,manufacture,manage,rabrecNErab,no,m,grey,bus,3.8,4.8,4.9,7.1,6.7,
1,f,31,manufacture,HR,rabrecNErab,my head,f,white,bus,6.2,4.8,4.1,4.8,5.2,
0,f,30,RealEstate,BusinessDevelopment,referal,my head,m,white,foot,5.4,6.9,2.6,5.6,8.3,
1,m,26,manufacture,Engineer,referal,my head,m,white,bus,4.6,5.5,8.7,5.6,1.3,
1,m,33,Banks,etc,youjs,no,m,white,car,6.2,4.1,3.3,8.7,9.8,
0,f,25,Retail,HR,youjs,no,m,grey,car,6.2,3.4,6.4,6.3,7.5,
0,f,32,etc,Marketing,rabrecNErab,my head,m,white,foot,5.4,5.5,3.3,7.9,8.3,
0,f,36,Retail,HR,KA,no,m,white,car,6.2,6.2,5.7,4,5.2,
0,f,38,Building,HR,referal,no,m,white,car,1.4,4.8,5.7,6.3,6.7,
1,f,23,Retail,Marketing,advert,my head,f,white,car,3,6.2,8.7,4.8,6,
1,f,26,State,manage,referal,no,f,white,foot,4.6,5.5,8,4.8,5.2,
1,f,24,Banks,HR,rabrecNErab,no,f,white,foot,7.8,6.2,4.9,1.7,3.7,
1,f,25,Retail,HR,empjs,no,m,white,bus,7.8,6.9,3.3,3.3,5.2,
1,f,33,Banks,HR,rabrecNErab,no,f,white,car,5.4,6.2,7.2,2.5,5.2,
0,f,32,Pharma,Sales,rabrecNErab,no,f,white,bus,5.4,7.6,8.7,2.5,2.9,
0,f,44,Banks,HR,KA,no,f,white,car,4.6,4.8,8.7,4.8,6,
1,f,24,Consult,Consult,youjs,no,f,grey,bus,6.2,4.8,8,4,2.9,
1,f,23,manufacture,HR,youjs,my head,f,white,bus,6.2,3.4,6.4,4.8,3.7,
0,f,25,manufacture,HR,youjs,no,f,white,bus,6.2,3.4,6.4,4.8,3.7,
1,f,34,etc,HR,empjs,no,m,white,car,8.6,5.5,1,6.3,9.8,
1,m,30,Retail,Sales,rabrecNErab,no,m,grey,car,5.4,4.1,4.9,6.3,6,
1,f,29,State,Teaching,advert,no,f,white,foot,9.4,5.5,3.3,3.3,5.2,
1,f,30,Mining,HR,youjs,my head,f,white,car,4.6,6.9,7.2,3.3,6.7,
0,f,29,IT,HR,rabrecNErab,no,f,white,bus,4.6,7.6,7.2,2.5,4.4,
0,f,26, HoReCa,HR,youjs,my head,f,white,car,3,6.9,7.2,4.8,5.2,
1,f,28,Retail,HR,rabrecNErab,my head,m,white,bus,7.8,6.9,4.1,3.3,7.5,
1,f,33, HoReCa,HR,youjs,my head,m,white,bus,3.8,8.4,8,4,4.4,
1,f,33, HoReCa,HR,youjs,my head,m,white,bus,4.6,9.1,4.9,3.3,2.9,
1,f,27,Retail,HR,rabrecNErab,no,m,white,foot,7,5.5,4.9,6.3,8.3,
1,f,32,State,Teaching,rabrecNErab,no,f,white,bus,7.8,4.8,4.1,3.3,7.5,
1,f,31,Banks,HR,empjs,no,f,grey,bus,7,6.2,1,9.4,7.5,
0,f,23,Retail,HR,youjs,yes,f,white,bus,6.2,4.8,7.2,4,6.7,
1,m,22,PowerGeneration,etc,recNErab,no,m,white,bus,6.2,2.6,7.2,5.6,6.7,
1,f,24,Telecom,HR,referal,no,m,white,bus,1,6.9,9.5,4.8,7.5,
1,f,23,Retail,Sales,empjs,my head,f,white,bus,7,4.8,4.1,5.6,6.7,
0,f,32,Retail,HR,rabrecNErab,no,f,white,bus,3,4.1,7.2,7.1,8.3,
0,m,42,manufacture,BusinessDevelopment,youjs,no,m,white,car,1.4,4.1,9.5,7.1,5.2,
1,m,22,PowerGeneration,Marketing,rabrecNErab,no,m,white,bus,5.4,4.1,8.7,4,2.1,
1,m,39,Banks,BusinessDevelopment,youjs,no,f,white,bus,7.8,4.8,1.8,8.7,8.3,
1,m,34,etc,HR,empjs,no,m,grey,bus,3.8,2.6,8,9.4,6,
0,f,30,State,HR,youjs,no,m,white,bus,4.6,2.6,7.2,7.1,6.7,
1,f,28,Retail,Marketing,rabrecNErab,no,f,white,car,3,8.4,3.3,7.9,8.3,
0,f,31,Retail,BusinessDevelopment,referal,no,m,white,car,4.6,4.8,8,4.8,6.7,
0,f,31,Retail,BusinessDevelopment,referal,no,m,white,car,6.2,6.9,7.2,4.8,5.2,
1,f,32,etc,HR,youjs,yes,f,white,bus,3,8.4,7.2,6.3,7.5,
0,f,40,manufacture,HR,youjs,no,m,white,bus,3,6.9,4.9,5.6,6,
1,f,22,IT,manage,youjs,yes,f,white,bus,8.6,6.2,2.6,5.6,9.8,
1,f,41,Banks,HR,rabrecNErab,no,m,white,bus,3.8,8.4,2.6,4.8,7.5,
1,f,24,manufacture,HR,rabrecNErab,my head,f,grey,bus,3,4.8,7.2,7.9,5.2,
1,f,24,manufacture,HR,rabrecNErab,my head,f,grey,bus,3,5.5,5.7,7.1,5.2,
1,f,26,etc,Engineer,empjs,no,m,white,bus,6.2,5.5,3.3,6.3,8.3,
1,f,36,RealEstate,manage,rabrecNErab,no,m,white,bus,5.4,5.5,7.2,4.8,4.4,
1,m,30,Retail,Sales,rabrecNErab,no,m,grey,car,5.4,4.1,4.9,6.3,6,
1,f,30,Retail,HR,youjs,yes,f,white,bus,4.6,4.8,5.7,8.7,6,
0,f,31,IT,HR,youjs,no,m,white,bus,7,3.4,8,7.9,6,
1,f,24,Pharma,HR,empjs,no,f,white,bus,5.4,4.8,4.9,4.8,5.2,
1,f,28,IT,HR,youjs,no,f,white,bus,6.2,3.4,4.9,7.9,7.5,
1,f,24,etc,PR,referal,no,f,white,foot,7,4.1,2.6,7.9,7.5,
1,f,24,etc,PR,referal,no,f,white,foot,7.8,6.2,2.6,5.6,6.7,
1,f,44,etc,HR,youjs,no,m,white,bus,4.6,7.6,5.7,2.5,6,
0,f,24,Retail,HR,rabrecNErab,yes,m,white,car,7,6.2,1.8,6.3,7.5,
1,m,39,Retail,manage,empjs,no,m,white,car,6.2,3.4,6.4,6.3,7.5,
0,f,35,Telecom,BusinessDevelopment,referal,my head,f,white,bus,8.6,5.5,3.3,4.8,6.7,
1,f,40,Retail,HR,KA,no,m,white,car,6.2,6.2,5.7,4.8,7.5,
1,f,30.40033257,Retail,Marketing,youjs,yes,f,white,bus,7.8,6.2,4.9,4,8.3,
1,f,26,Banks,HR,youjs,no,f,grey,bus,4.6,6.2,5.7,4,6,
1,f,26,Banks,HR,youjs,no,f,grey,bus,4.6,5.5,6.4,5.6,5.2,
0,f,31,etc,HR,empjs,no,f,white,bus,5.4,5.5,4.9,5.6,6.7,
0,f,26,IT,HR,empjs,yes,f,white,bus,9.4,6.2,2.6,4,6,
0,f,26,IT,HR,empjs,yes,f,white,bus,6.2,7.6,4.1,3.3,6.7,
1,f,33,Pharma,HR,empjs,no,f,white,car,5.4,3.4,5.7,7.1,5.2,
0,f,23,Consult,HR,empjs,yes,f,white,foot,8.6,5.5,2.6,4.8,7.5,
0,f,32,Retail,HR,rabrecNErab,no,f,white,bus,3.8,6.2,8,4,6.7,
1,m,28,etc,IT,youjs,no,m,white,bus,7.8,6.9,2.6,6.3,7.5,
0,f,26,Retail,etc,youjs,no,m,white,car,10,5.5,2.6,6.3,6.7,
1,f,27,etc,HR,KA,no,f,white,bus,3.8,1.9,9.5,7.1,2.1,
0,m,22,IT,IT,rabrecNErab,my head,m,white,foot,4.6,2.6,6.4,9.4,6,
1,m,37,IT,IT,rabrecNErab,no,m,white,bus,10,3.4,3.3,6.3,10,
1,m,38,Agriculture,HR,empjs,no,f,white,bus,4.6,4.1,4.1,8.7,8.3,
1,m,44,Retail,Sales,youjs,no,m,grey,bus,2.2,5.5,8.7,7.1,6.7,
0,f,27,etc,etc,empjs,no,m,white,bus,7,6.9,5.7,3.3,6.7,
1,f,23,Agriculture,Consult,referal,yes,m,white,bus,4.6,6.9,7.2,3.3,2.1,
1,f,23,Agriculture,Consult,referal,yes,m,white,bus,4.6,6.9,7.2,2.5,2.9,
1,f,23,Agriculture,Consult,referal,my head,m,white,bus,4.6,6.9,7.2,3.3,2.1,
1,f,23,Agriculture,Consult,referal,my head,m,white,bus,4.6,6.9,7.2,2.5,2.9,
1,f,34,Building,HR,youjs,my head,f,white,bus,4.6,2.6,5.7,7.9,7.5,
0,m,23,Telecom,Engineer,empjs,no,m,grey,bus,3.8,9.1,8.7,4.8,5.2,
0,f,25,Retail,HR,youjs,no,m,grey,bus,6.2,3.4,6.4,6.3,7.5,
0,f,26,Retail,HR,recNErab,no,f,white,bus,4.6,6.2,5.7,6.3,4.4,
0,f,26,Retail,HR,recNErab,no,f,white,bus,3.8,4.1,8.7,7.9,5.2,
0,f,30,Retail,etc,youjs,no,f,grey,bus,6.2,2.6,6.4,5.6,6,
1,m,45,Telecom,BusinessDevelopment,friends,my head,m,white,bus,3,8.4,7.2,7.1,6,
0,f,31,transport,Consult,friends,no,m,white,bus,5.4,6.2,6.4,4,3.7,
0,f,31,transport,Consult,friends,no,m,white,bus,3.8,3.4,8,6.3,6,
1,f,36,manufacture,etc,empjs,my head,f,white,foot,4.6,4.1,4.9,5.6,3.7,
1,f,36,manufacture,etc,empjs,my head,f,white,foot,6.2,4.8,5.7,4,2.9,
0,f,29,PowerGeneration,Commercial,youjs,no,m,grey,car,5.4,6.2,4.1,5.6,8.3,
1,f,30,Telecom,HR,youjs,yes,f,white,foot,5.4,4.1,4.9,8.7,7.5,
1,f,23,manufacture,Engineer,youjs,yes,m,white,bus,3,6.9,5.7,7.9,5.2,
1,f,23,manufacture,Engineer,youjs,yes,m,white,bus,4.6,6.9,7.2,4.8,5.2,
1,f,27,Retail,HR,rabrecNErab,yes,f,white,bus,6.2,6.9,3.3,4.8,6.7,
1,m,29,Consult,HR,empjs,no,m,white,car,3,4.8,4.9,6.3,7.5,
1,f,28,State,manage,rabrecNErab,no,f,white,bus,7,6.9,6.4,2.5,5.2,
0,m,46,Consult,HR,advert,no,f,white,bus,3,6.2,8,5.6,3.7,
1,m,23,State,Law,referal,my head,m,white,car,4.6,6.9,7.2,3.3,2.1,
1,m,23,State,Law,referal,my head,m,white,car,4.6,6.9,7.2,2.5,2.9,
0,f,26,Building,HR,rabrecNErab,no,m,white,foot,3.8,1.9,8.7,6.3,4.4,
0,f,26,Building,HR,rabrecNErab,no,m,white,foot,5.4,2.6,8,7.1,5.2,
1,f,38,transport,HR,youjs,no,m,grey,bus,6.2,6.2,8,2.5,3.7,
1,f,38,transport,HR,youjs,no,m,grey,bus,4.6,6.2,8,4,3.7,
1,m,26,Retail,IT,friends,no,m,white,bus,3.8,7.6,7.2,7.9,4.4,
0,f,31,Retail,HR,youjs,my head,f,white,bus,4.6,5.5,7.2,3.3,2.9,
0,f,31,Retail,HR,youjs,my head,f,white,bus,4.6,5.5,7.2,4.8,3.7,
1,f,36,Building,HR,KA,no,f,white,bus,3.8,5.5,6.4,5.6,6,
0,f,33,PowerGeneration,HR,empjs,my head,f,white,car,7.8,6.2,6.4,7.9,6,
0,f,33,PowerGeneration,HR,empjs,my head,f,white,car,3.8,3.4,5.7,8.7,7.5,
1,f,28,Building,BusinessDevelopment,referal,no,m,white,foot,9.4,3.4,4.9,3.3,6,
1,f,27,Retail,HR,referal,yes,f,white,bus,6.2,6.9,3.3,4.8,6.7,
0,f,26,Banks,IT,youjs,my head,m,grey,car,6.2,5.5,4.9,5.6,6.7,
0,f,28,Retail,HR,youjs,no,m,white,bus,5.4,3.4,7.2,6.3,3.7,
1,f,40,Retail,HR,youjs,no,m,grey,car,6.2,5.5,4.9,4.8,7.5,
1,m,23,etc,Marketing,friends,my head,m,white,bus,1.4,9.8,6.4,3.3,6,
1,f,22,IT,IT,empjs,my head,m,grey,bus,7,4.1,5.7,5.6,8.3,
0,f,29,manufacture,HR,rabrecNErab,my head,m,white,foot,6.2,3.4,4.1,7.9,7.5,
0,f,29,manufacture,HR,rabrecNErab,my head,m,white,foot,6.2,3.4,4.1,7.9,7.5,
1,m,23,State,etc,rabrecNErab,my head,m,white,bus,6.2,2.6,7.2,6.3,7.5,
0,f,29,manufacture,HR,rabrecNErab,my head,m,white,foot,6.2,3.4,4.1,7.9,7.5,
0,f,29,manufacture,HR,rabrecNErab,my head,m,white,foot,6.2,3.4,4.1,7.9,7.5,
1,m,26,IT,IT,empjs,no,m,white,bus,3.8,4.8,6.4,8.7,6,
0,f,26,transport,HR,youjs,yes,f,white,bus,7.8,4.8,6.4,4.8,6,
1,m,26,Building,Engineer,empjs,my head,m,white,bus,4.6,5.5,5.7,8.7,6,
0,m,19,IT,IT,youjs,no,m,white,bus,4.6,6.2,7.2,5.6,6,
0,f,33,Retail,HR,youjs,no,m,grey,bus,6.2,4.8,6.4,2.5,4.4,
1,f,24,Consult,Consult,rabrecNErab,my head,f,white,bus,6.2,4.8,8,4,2.9,
0,f,31,Retail,Accounting,youjs,no,f,white,bus,7,2.6,7.2,4.8,4.4,
1,f,33,Pharma,HR,empjs,no,f,white,car,5.4,3.4,5.7,7.1,5.2,
1,f,22,IT,HR,rabrecNErab,no,m,white,bus,7,2.6,7.2,6.3,6,
1,f,25,Banks,HR,empjs,my head,m,white,bus,9.4,6.2,3.3,2.5,6.7,
0,f,28,Agriculture,HR,friends,no,m,white,bus,6.2,5.5,3.3,6.3,8.3,
0,f,32,Telecom,HR,youjs,no,f,white,bus,7,5.5,3.3,7.1,6.7,
1,f,22,transport,HR,youjs,no,m,white,bus,2.2,8.4,4.9,7.1,6.7,
1,f,37,Consult,Finanñe,empjs,no,m,white,bus,7,7.6,2.6,5.6,8.3,
1,f,27,Retail,HR,empjs,no,f,grey,car,7.8,4.8,3.3,5.6,6.7,
1,f,27,Retail,HR,empjs,no,f,grey,car,10,4.1,1.8,6.3,8.3,
1,f,35,Telecom,HR,empjs,my head,f,white,foot,6.2,4.1,6.4,5.6,6.7,
0,f,27,Telecom,Marketing,advert,no,f,white,car,3.8,4.8,4.9,6.3,5.2,
1,m,24,Consult,HR,empjs,no,f,white,foot,2.2,4.1,6.4,9.4,6,
1,f,25,Banks,HR,youjs,my head,f,grey,bus,5.4,3.4,8,6.3,2.1,
1,f,23,Banks,IT,youjs,my head,m,white,bus,5.4,6.2,3.3,4,6,
0,f,24,IT,HR,empjs,my head,f,white,bus,8.6,6.9,4.9,1.7,4.4,
1,m,31,Retail,IT,youjs,no,m,white,bus,4.6,2.6,6.4,10,4.4,
1,m,35,Retail,Sales,youjs,no,m,white,foot,5.4,6.2,4.9,4,2.9,
1,f,21,State,PR,empjs,no,f,white,bus,3,5.5,7.2,5.6,2.1,
0,f,19,Retail,HR,rabrecNErab,yes,f,white,bus,7,6.2,5.7,2.5,5.2,
1,f,21,Consult,HR,empjs,yes,f,white,bus,7,9.1,1.8,4.8,6,
1,f,24,Building,etc,friends,no,m,grey,bus,5.4,4.1,2.6,7.9,6,
0,f,35,Pharma,HR,KA,my head,f,white,bus,5.4,4.8,5.7,4,3.7,
1,m,25,Retail,Sales,youjs,my head,m,white,car,7,5.5,4.1,6.3,8.3,
1,m,19,manufacture,Accounting,friends,no,f,white,car,6.2,3.4,5.7,7.1,6.7,
1,m,19,manufacture,Accounting,friends,no,f,white,car,4.6,6.9,5.7,7.1,5.2,
0,f,30.40033257,Banks,HR,friends,my head,f,white,bus,6.2,6.2,4.1,2.5,5.2,
0,f,35,manufacture,HR,youjs,no,m,white,bus,7.8,1.9,3.3,4,6.7,
0,f,43,State,Law,rabrecNErab,no,m,white,car,4.6,5.5,6.4,4,5.2,
1,f,22,Consult,HR,empjs,yes,m,white,bus,6.2,4.8,3.3,7.1,9,
1,f,48,Building,HR,rabrecNErab,no,m,white,bus,6.2,6.2,6.4,3.3,6.7,
0,f,29,IT,IT,empjs,yes,m,white,car,9.4,6.2,4.1,4.8,7.5,
0,f,29,IT,IT,empjs,yes,m,white,car,7,6.2,5.7,4.8,5.2,
0,f,33,PowerGeneration,HR,empjs,my head,f,white,car,7.8,6.2,6.4,7.9,6,
0,f,33,PowerGeneration,HR,empjs,my head,f,white,car,3.8,3.4,5.7,8.7,7.5,
1,f,44,Retail,HR,rabrecNErab,no,m,grey,bus,3,6.9,4.1,7.9,5.2,
1,f,24,IT,HR,empjs,my head,m,white,foot,7,5.5,4.9,4.8,2.9,
1,f,42,Consult,HR,friends,no,m,white,bus,3,6.9,6.4,5.6,6,
1,f,42,Consult,HR,friends,no,m,white,bus,7,6.2,5.7,4.8,4.4,
1,f,22,State,Teaching,recNErab,my head,f,grey,bus,3,4.8,5.7,4.8,3.7,
1,m,41,IT,IT,rabrecNErab,no,m,white,bus,3.8,4.1,5.7,5.6,4.4,
1,f,26,State,HR,referal,no,m,white,car,5.4,6.2,7.2,4.8,6.7,
1,m,31,Building,Engineer,youjs,no,m,white,bus,5.4,4.1,8.7,6.3,4.4,
1,f,38,Building,HR,youjs,no,m,white,bus,7,4.1,4.9,5.6,6.7,
0,m,38,Agriculture,HR,youjs,no,f,white,car,7.8,2.6,4.1,7.9,6.7,
1,f,26,Consult,HR,youjs,no,f,grey,bus,7,6.2,4.1,4.8,8.3,
0,f,29,Retail,HR,empjs,my head,f,grey,bus,4.6,5.5,1.8,7.1,6.7,
0,f,29,Retail,HR,empjs,my head,f,grey,bus,4.6,1,5.7,8.7,2.9,
0,f,29,Retail,HR,empjs,my head,f,grey,bus,5.4,4.8,8,9.4,2.9,
1,f,38,Building,HR,KA,no,m,white,car,5.4,5.5,4.9,4.8,4.4,
1,f,38,Building,HR,KA,no,m,white,car,6.2,6.2,4.9,3.3,2.9,
0,m,35,IT,IT,friends,no,m,white,bus,7,5.5,2.6,5.6,9,
0,f,39,etc,manage,KA,no,f,white,bus,3.8,7.6,4.9,7.1,9,
1,m,19,manufacture,Accounting,rabrecNErab,no,f,white,car,6.2,3.4,5.7,7.1,6.7,
1,m,19,manufacture,Accounting,rabrecNErab,no,f,white,car,4.6,6.9,5.7,7.1,5.2,
0,f,26,IT,HR,empjs,my head,f,white,bus,9.4,6.2,2.6,4,6,
0,f,26,IT,HR,empjs,my head,f,white,bus,6.2,7.6,4.1,3.3,6.7,
1,m,32,Mining,Law,friends,no,f,white,bus,3,4.8,4.1,7.1,7.5,
1,f,26,State,HR,empjs,yes,m,white,car,5.4,6.2,7.2,4.8,6.7,
0,m,33,Retail,HR,empjs,no,f,white,car,4.6,6.2,8,7.1,5.2,
0,m,33,Retail,HR,empjs,no,f,white,car,5.4,7.6,5.7,7.1,6,
0,f,39,transport,HR,empjs,no,f,white,bus,4.6,4.1,4.9,5.6,3.7,
0,f,39,transport,HR,empjs,no,f,white,bus,6.2,4.8,5.7,4,2.9,
0,f,23,Retail,HR,empjs,no,m,white,bus,7,4.1,8,4.8,4.4,
0,f,24,manufacture,HR,youjs,no,f,white,bus,3.8,7.6,8,4.8,2.9,
0,f,26,Banks,Sales,advert,no,f,white,foot,5.4,7.6,4.1,4.8,7.5,
0,f,26,Banks,Sales,advert,no,f,white,foot,5.4,7.6,4.1,5.6,9,
0,f,34,Banks,HR,youjs,no,f,white,bus,1.4,6.9,8,4,5.2,
0,f,26,Banks,Sales,advert,no,f,white,foot,5.4,7.6,4.1,4.8,7.5,
0,f,26,Banks,Sales,advert,no,f,white,foot,5.4,7.6,4.1,5.6,9,
0,m,32,State,etc,youjs,no,f,white,car,3.8,3.4,7.2,10,5.2,
0,f,29,Retail,HR,empjs,my head,f,white,bus,6.2,6.9,8.7,3.3,2.9,
0,f,21,Retail,HR,empjs,no,f,grey,bus,2.2,4.8,8.7,7.9,5.2,
0,f,21,Retail,HR,empjs,no,f,grey,bus,3.8,3.4,8.7,7.1,3.7,
0,f,26,Banks,Sales,advert,no,f,white,foot,5.4,7.6,4.1,4.8,7.5,
0,f,26,Banks,Sales,advert,no,f,white,foot,5.4,7.6,4.1,5.6,9,
0,f,26,Banks,Sales,advert,no,f,white,foot,5.4,7.6,4.1,4.8,7.5,
0,f,26,Banks,Sales,advert,no,f,white,foot,5.4,7.6,4.1,5.6,9,
1,m,42,etc,Marketing,empjs,no,f,grey,bus,2.2,6.9,3.3,6.3,3.7,
0,f,35,Telecom,HR,empjs,no,f,grey,bus,7,3.4,3.3,6.3,7.5,
1,m,42,Consult,Consult,youjs,my head,m,white,bus,5.4,8.4,6.4,5.6,5.2,
0,m,28,IT,HR,youjs,no,m,white,bus,2.2,5.5,7.2,4.8,3.7,
0,f,27,PowerGeneration,HR,youjs,no,m,white,foot,3,2.6,6.4,7.1,7.5,
0,f,27,PowerGeneration,HR,youjs,no,m,white,foot,3,5.5,4.1,7.1,8.3,
1,m,33,Building,Sales,KA,no,m,grey,car,7.8,3.4,7.2,4,5.2,
0,f,26,Banks,Sales,advert,no,f,white,foot,5.4,7.6,4.1,4.8,7.5,
0,f,26,Banks,Sales,advert,no,f,white,foot,5.4,7.6,4.1,5.6,9,
0,f,31,transport,manage,friends,my head,m,white,bus,5.4,6.2,6.4,4,3.7,
0,f,31,transport,manage,friends,my head,m,white,bus,3.8,3.4,8,6.3,6,
1,f,32,manufacture,HR,recNErab,my head,f,white,car,4.6,6.9,4.9,5.6,6,
0,f,25,Retail,HR,youjs,no,m,white,car,7.8,4.8,5.7,4.8,5.2,
0,f,33,manufacture,HR,KA,no,m,white,bus,5.4,9.1,4.1,2.5,6,
1,f,28,transport,HR,empjs,no,m,white,bus,3.8,4.8,9.5,4.8,2.1,
1,m,26,etc,Engineer,friends,no,m,white,bus,7.8,6.9,4.1,6.3,7.5,
1,f,40,Building,HR,rabrecNErab,my head,m,white,car,2.2,8.4,6.4,4.8,6.7,
0,f,26,IT,HR,friends,my head,m,white,bus,4.6,6.9,8,4,4.4,
0,m,21,Retail,Sales,rabrecNErab,yes,m,white,bus,7.8,4.1,2.6,5.6,8.3,
0,f,27,Retail,HR,youjs,my head,m,white,bus,7,4.8,6.4,4.8,7.5,
1,f,29,Mining,HR,rabrecNErab,no,m,white,bus,4.6,5.5,5.7,4.8,7.5,
0,f,25,Retail,Marketing,youjs,yes,f,white,bus,8.6,5.5,3.3,5.6,9.8,
1,m,44,Retail,Commercial,youjs,no,m,white,bus,3,2.6,10,9.4,4.4,
1,m,31,RealEstate,Marketing,youjs,my head,f,grey,car,7.8,4.1,4.1,7.9,7.5,
1,f,36,Telecom,HR,youjs,no,f,white,car,7,4.1,6.4,5.6,8.3,
1,f,30,State,HR,friends,yes,f,white,foot,5.4,4.1,4.9,8.7,7.5,
0,f,31,State,HR,rabrecNErab,no,f,white,bus,1.4,7.6,7.2,4,2.9,
0,f,22,Consult,HR,youjs,my head,f,white,bus,6.2,5.5,2.6,5.6,8.3,
1,f,54,Pharma,HR,rabrecNErab,no,m,white,car,4.6,8.4,5.7,4,4.4,
1,f,54,Pharma,HR,rabrecNErab,no,m,white,car,4.6,8.4,5.7,4,4.4,
1,f,36,manufacture,HR,youjs,my head,f,white,bus,6.2,4.8,5.7,8.7,7.5,
1,f,32,Retail,HR,friends,no,f,grey,car,6.2,6.2,1.8,5.6,9,
0,f,33,Banks,HR,empjs,no,f,white,bus,7,6.2,1,9.4,7.5,
0,f,23,Retail,etc,recNErab,my head,m,white,bus,6.2,6.9,4.9,2.5,2.9,
1,f,41,Banks,HR,empjs,no,m,white,bus,7.8,5.5,2.6,6.3,8.3,
1,f,41,Banks,HR,empjs,no,m,white,bus,8.6,5.5,3.3,6.3,7.5,
1,f,41,Banks,HR,empjs,no,m,white,bus,7,6.9,4.1,5.6,7.5,
1,f,30,Banks,HR,youjs,no,f,white,bus,8.6,6.9,2.6,4,7.5,
0,f,26,manufacture,HR,empjs,no,m,white,bus,8.6,5.5,4.1,4,3.7,
1,f,23,Banks,HR,rabrecNErab,yes,f,white,car,6.2,9.1,4.1,3.3,6.7,
1,f,23,Banks,HR,rabrecNErab,yes,f,white,car,7,7.6,3.3,3.3,6.7,
0,f,42,etc,HR,youjs,no,f,white,foot,5.4,4.8,6.4,6.3,4.4,
1,f,25,State,manage,friends,no,m,white,bus,4.6,6.2,6.4,4,4.4,
1,f,23,Telecom,HR,empjs,no,f,white,bus,3.8,4.8,7.2,5.6,4.4,
1,f,22,etc,Sales,recNErab,my head,m,white,foot,7,1.9,6.4,6.3,4.4,
0,f,29,Retail,HR,empjs,my head,f,white,bus,6.2,6.9,8.7,3.3,2.9,
0,f,37,Retail,HR,friends,no,m,white,bus,5.4,4.8,6.4,7.1,4.4,
1,m,24,Building,HR,friends,yes,m,white,car,5.4,5.5,5.7,8.7,5.2,
1,m,26,etc,HR,youjs,yes,f,white,bus,6.2,5.5,6.4,4,3.7,
1,f,34,manufacture,manage,KA,no,f,white,car,7,2.6,7.2,4.8,5.2,
1,f,27,Agriculture,Marketing,empjs,yes,m,white,bus,7,6.9,2.6,4,5.2,
0,f,28,Retail,HR,youjs,my head,f,grey,bus,4.6,5.5,1.8,7.1,6.7,
0,f,28,Retail,HR,youjs,my head,f,grey,bus,4.6,1,5.7,8.7,2.9,
0,f,28,Retail,HR,youjs,my head,f,grey,bus,5.4,4.8,8,9.4,2.9,
0,f,20,etc,HR,KA,no,f,white,bus,7.8,7.6,4.1,4,5.2,
1,m,26,State,IT,empjs,my head,m,white,bus,4.6,3.4,6.4,7.1,6,
1,f,27,IT,HR,youjs,my head,m,white,bus,6.2,6.2,4.9,5.6,6,
1,f,22,Telecom,HR,referal,no,f,white,car,7,3.4,4.1,6.3,8.3,
0,f,31,manufacture,HR,KA,my head,m,white,car,8.6,4.8,4.1,2.5,4.4,
1,f,31,manufacture,HR,youjs,my head,m,grey,car,5.4,5.5,6.4,6.3,6.7,
1,f,31,etc,HR,empjs,no,m,white,car,5.4,8.4,2.6,5.6,7.5,
1,f,37,Building,HR,friends,no,m,white,car,2.2,7.6,8,4,2.1,
1,m,42,IT,Consult,youjs,my head,m,white,bus,5.4,8.4,6.4,5.6,5.2,
1,f,22,Retail,HR,empjs,no,f,white,bus,5.4,4.8,4.9,7.1,6.7,
1,f,22,Retail,HR,empjs,no,f,white,bus,4.6,1.9,8,6.3,6,
1,m,40,Agriculture,Sales,empjs,no,m,white,bus,4.6,4.1,7.2,10,5.2,
0,f,23,transport,HR,empjs,yes,m,white,bus,5.4,5.5,8,2.5,4.4,
1,f,34,Retail,BusinessDevelopment,rabrecNErab,no,f,white,bus,3,7.6,4.9,5.6,5.2,
0,m,33,State,Sales,rabrecNErab,no,m,white,car,7,6.2,4.1,6.3,9,
1,f,46,Building,HR,friends,no,m,white,car,3.8,5.5,4.9,5.6,5.2,
0,f,22,Retail,HR,empjs,yes,f,white,bus,3.8,6.2,5.7,7.9,9,
0,f,25,Mining,Finanñe,rabrecNErab,no,f,white,car,6.2,6.2,6.4,5.6,3.7,
1,f,23,Banks,HR,rabrecNErab,yes,f,white,car,6.2,9.1,4.1,3.3,6.7,
1,f,23,Banks,HR,rabrecNErab,yes,f,white,car,7,7.6,3.3,3.3,6.7,
1,m,31,Retail,Sales,empjs,my head,m,grey,bus,6.2,6.9,6.4,3.3,6.7,
0,f,25,State,HR,youjs,no,f,white,bus,9.4,4.8,3.3,7.1,9,
0,f,30,RealEstate,BusinessDevelopment,referal,my head,m,white,car,5.4,6.9,2.6,5.6,8.3,
0,f,22,State,HR,advert,my head,f,white,foot,5.4,5.5,7.2,4,2.9,
1,f,35,Retail,HR,empjs,no,m,white,bus,5.4,7.6,4.9,4,6,
1,f,24,Consult,HR,empjs,my head,f,white,bus,7.8,5.5,3.3,7.9,8.3,
0,f,29,Retail,HR,advert,no,m,white,car,4.6,3.4,9.5,4.8,2.1,
0,m,36,manufacture,Engineer,friends,my head,m,white,bus,7.8,2.6,4.1,8.7,6.7,
0,m,33,manufacture,Engineer,recNErab,my head,m,white,bus,5.4,8.4,4.1,4.8,6.7,
0,f,34,Retail,HR,empjs,no,f,white,car,8.6,5.5,4.1,5.6,6.7,
0,f,34,Retail,HR,empjs,no,f,white,car,8.6,3.4,4.1,7.1,6,
0,f,34,Retail,HR,empjs,no,f,white,car,7.8,4.1,4.1,7.1,6.7,
0,f,28,Retail,HR,youjs,no,f,white,car,5.4,5.5,6.4,2.5,4.4,
0,f,45,State,HR,rabrecNErab,no,f,white,bus,6.2,6.2,3.3,6.3,8.3,
0,f,45,State,HR,rabrecNErab,no,f,white,bus,4.6,4.8,4.1,7.9,9,
1,f,41,Retail,HR,empjs,no,m,white,bus,3,6.9,6.4,4.8,6,
1,f,41,Retail,HR,empjs,no,m,white,bus,2.2,6.9,8,6.3,3.7,
1,f,41,Retail,HR,empjs,no,m,white,bus,3,6.9,7.2,4.8,5.2,
1,f,41,Consult,HR,youjs,no,f,white,bus,1.4,4.8,8.7,5.6,2.1,
1,f,41,Consult,HR,youjs,no,f,white,bus,3,8.4,8,3.3,2.1,
0,m,33,Retail,HR,empjs,my head,f,white,bus,2.2,7.6,6.4,4.8,7.5,
1,f,22,Banks,HR,youjs,yes,f,white,bus,6.2,4.8,4.9,4.8,6.7,
0,f,29,Retail,HR,empjs,my head,f,grey,bus,4.6,5.5,1.8,7.1,6.7,
0,f,29,Retail,HR,empjs,my head,f,grey,bus,4.6,1,5.7,8.7,2.9,
0,f,29,Retail,HR,empjs,my head,f,grey,bus,5.4,4.8,8,9.4,2.9,
1,f,34,manufacture,Marketing,referal,no,m,grey,car,9.4,3.4,4.9,3.3,6,
0,m,33,Retail,HR,empjs,no,f,white,car,4.6,6.2,8,7.1,5.2,
0,m,33,Retail,HR,empjs,no,f,white,car,5.4,7.6,5.7,7.1,6,
0,f,28,Agriculture,HR,friends,no,f,white,bus,6.2,5.5,3.3,6.3,8.3,
1,f,27,Retail,HR,friends,my head,f,white,bus,5.4,3.4,3.3,8.7,8.3,
1,f,27,Retail,HR,friends,my head,f,white,bus,6.2,6.2,7.2,3.3,3.7,
1,f,35,transport,Commercial,empjs,no,f,white,car,7.8,5.5,1.8,5.6,8.3,
1,f,27,Retail,HR,youjs,my head,m,white,bus,6.2,6.9,4.1,5.6,6,
1,f,42,transport,HR,youjs,no,m,white,bus,5.4,4.8,4.1,4.8,6,
0,f,22,Retail,manage,youjs,no,f,white,bus,6.2,9.1,4.9,3.3,2.9,
0,f,40,RealEstate,HR,youjs,no,f,white,foot,3.8,8.4,8,4,4.4,
0,f,40,RealEstate,HR,youjs,no,f,white,foot,4.6,9.1,4.9,3.3,2.9,
0,m,31,Banks,IT,recNErab,no,m,grey,car,6.2,4.1,2.6,8.7,8.3,
0,f,43,etc,HR,youjs,no,m,white,bus,3,6.2,8,7.1,4.4,
0,f,23,etc,Sales,empjs,my head,f,white,bus,5.4,6.2,9.5,5.6,5.2,
0,f,29,Retail,HR,youjs,my head,m,white,bus,7.8,5.5,5.7,4,5.2,
0,f,29,Retail,HR,youjs,my head,m,white,bus,6.2,6.2,5.7,6.3,2.9,
0,f,29,Retail,HR,youjs,my head,m,white,bus,7,6.2,5.7,4,3.7,
0,f,22,State,HR,rabrecNErab,my head,f,white,car,4.6,9.1,6.4,5.6,6,
1,f,44,State,HR,rabrecNErab,my head,f,grey,car,3.8,6.2,5.7,5.6,6.7,
0,m,21,IT,IT,friends,my head,m,white,foot,3.8,5.5,5.7,7.9,3.7,
0,m,40,IT,Sales,rabrecNErab,no,m,white,car,1.4,6.9,9.5,6.3,1.3,
1,f,32,etc,Marketing,youjs,no,m,white,bus,3.8,6.2,6.4,4,6,
0,m,31,Banks,etc,friends,no,m,white,bus,4.6,7.6,4.1,4,6,
1,f,23,etc,HR,friends,my head,f,white,bus,4.6,8.4,6.4,2.5,2.1,
1,m,27,Building,HR,referal,no,m,white,car,3.8,6.2,8,5.6,6,
0,f,25,manufacture,HR,youjs,my head,f,white,bus,4.6,7.6,9.5,2.5,1.3,
0,f,25,manufacture,HR,youjs,my head,f,white,bus,5.4,5.5,7.2,5.6,2.9,
1,m,39,Banks,Finanñe,rabrecNErab,my head,m,white,bus,3.8,7.6,6.4,4.8,5.2,
1,f,29,Retail,Sales,rabrecNErab,no,m,white,car,5.4,6.9,2.6,7.9,6.7,
1,f,24,Consult,HR,youjs,no,f,white,bus,6.2,3.4,7.2,2.5,3.7,
1,f,24,Consult,HR,youjs,no,f,white,bus,6.2,5.5,7.2,7.1,4.4,
1,f,33,manufacture,HR,youjs,yes,m,white,car,9.4,5.5,1.8,4.8,6.7,
1,f,27,Retail,Sales,friends,yes,m,white,bus,4.6,6.9,7.2,2.5,6.7,
1,f,29,Consult,HR,advert,my head,f,white,foot,3.8,4.8,6.4,7.9,6.7,
0,f,29,manufacture,HR,friends,no,f,white,bus,3.8,4.8,6.4,7.9,6.7,
1,m,19,manufacture,HR,referal,no,m,white,car,4.6,5.5,6.4,7.9,6,
1,m,29,Consult,HR,empjs,my head,m,white,bus,4.6,3.4,10,6.3,1,
0,f,27,manufacture,HR,youjs,no,m,white,car,5.4,4.1,5.7,7.1,3.7,
0,f,29,manufacture,HR,rabrecNErab,no,f,white,bus,6.2,3.4,4.9,7.9,7.5,
0,m,33,PowerGeneration,etc,rabrecNErab,no,f,white,car,6.2,4.8,4.9,5.6,5.2,
1,f,30,RealEstate,HR,rabrecNErab,no,m,grey,bus,7.8,3.4,4.9,5.6,5.2,
0,f,31,etc,HR,empjs,my head,f,white,bus,7,2.6,4.1,8.7,5.2,
0,m,33,Telecom,IT,friends,yes,m,white,car,7,6.2,3.3,6.3,7.5,
0,m,34,manufacture,HR,youjs,my head,f,white,bus,9.4,7.6,1,4,5.2,
1,f,34,Mining,manage,KA,no,f,white,bus,7,2.6,7.2,4.8,5.2,
1,m,29,PowerGeneration,HR,rabrecNErab,no,f,white,bus,3.8,3.4,8,6.3,6,
1,f,31,Building,Marketing,rabrecNErab,no,m,white,car,3.8,5.5,3.3,9.4,9,
1,m,42,Consult,Consult,youjs,my head,m,white,bus,5.4,8.4,6.4,5.6,5.2,
1,f,34,Mining,HR,empjs,no,m,white,car,6.2,4.8,4.1,5.6,6.7,
1,f,39,Retail,HR,rabrecNErab,yes,m,white,car,6.2,7.6,4.1,2.5,4.4,
1,f,38,Mining,Finanñe,referal,no,m,white,bus,3.8,3.4,9.5,7.1,2.9,
0,f,42,Banks,HR,rabrecNErab,no,f,white,bus,3.8,8.4,2.6,4.8,7.5,
1,f,33,manufacture,HR,referal,my head,m,grey,car,7.8,6.9,2.6,4.8,8.3,
1,f,44,transport,HR,referal,no,m,white,car,3.8,6.2,4.9,6.3,10,
1,m,28,transport,Commercial,referal,no,m,white,bus,6.2,3.4,6.4,8.7,6,
0,f,30.40033257,Retail,HR,advert,no,f,grey,bus,6.2,4.1,4.1,6.3,7.5,
1,f,24,etc,HR,empjs,my head,f,white,bus,8.6,4.8,4.1,6.3,5.2,
1,f,29,manufacture,HR,empjs,no,m,white,car,6.2,6.2,4.9,4.8,7.5,
0,m,27,etc,Sales,youjs,yes,m,grey,bus,10,2.6,4.1,5.6,9,
1,m,30,Retail,Sales,KA,no,m,white,car,6.2,7.6,4.9,4.8,8.3,
1,f,39, HoReCa,HR,youjs,no,m,white,foot,3.8,6.9,5.7,5.6,3.7,
1,f,26,Telecom,IT,youjs,my head,m,grey,bus,7,4.1,2.6,8.7,9,
0,m,40,State,Consult,KA,no,m,grey,foot,7,6.2,4.1,6.3,9,
0,f,28,Building,HR,empjs,my head,m,white,bus,7,6.9,2.6,4,5.2,
0,f,39,transport,HR,youjs,no,f,white,bus,4.6,4.1,4.9,5.6,3.7,
0,f,39,transport,HR,youjs,no,f,white,bus,6.2,4.8,5.7,4,2.9,
0,f,24,Retail,HR,friends,my head,f,white,bus,5.4,4.8,4.9,7.1,6.7,
0,f,24,Retail,HR,friends,my head,f,white,bus,4.6,1.9,8,6.3,6,
0,f,34,etc,etc,empjs,my head,f,white,car,6.2,1,7.2,4.8,6,
0,f,23,transport,HR,youjs,my head,f,white,bus,4.6,7.6,8,5.6,2.1,
0,m,28,IT,HR,youjs,no,m,white,bus,2.2,5.5,7.2,4.8,3.7,
0,f,30,transport,HR,youjs,no,m,white,bus,6.2,6.2,6.4,3.3,4.4,
1,f,34,State,Teaching,referal,no,f,white,bus,7.8,7.6,3.3,2.5,7.5,
1,f,32,transport,HR,rabrecNErab,my head,m,white,bus,6.2,4.8,2.6,5.6,9.8,
0,f,20,Telecom,HR,recNErab,yes,f,white,foot,3.8,6.9,5.7,6.3,6.7,
0,f,25,Consult,HR,empjs,no,f,white,bus,7,4.1,5.7,5.6,8.3,
1,f,23,etc,HR,rabrecNErab,yes,m,white,bus,7,4.8,7.2,4.8,4.4,
1,f,25,State,Consult,rabrecNErab,yes,f,white,bus,7,4.1,5.7,6.3,7.5,
1,f,25,Retail,IT,empjs,no,f,grey,bus,7,2.6,6.4,7.9,5.2,
0,f,37,IT,HR,empjs,my head,f,white,bus,5.4,6.9,5.7,5.6,6.7,
0,m,36,transport,etc,empjs,no,m,grey,bus,3.8,8.4,5.7,6.3,6,
0,f,23,PowerGeneration,HR,rabrecNErab,no,m,white,bus,7,5.5,4.1,4.8,6,
0,f,26,State,HR,youjs,no,m,white,bus,7.8,6.2,3.3,7.1,6.7,
1,f,32,Consult,HR,friends,no,f,white,car,6.2,6.2,7.2,3.3,2.9,
0,f,23,Retail,HR,rabrecNErab,no,m,white,car,5.4,5.5,5.7,4.8,9.8,
0,f,45,transport,HR,recNErab,no,f,white,car,4.6,4.8,4.9,8.7,5.2,
1,f,25,Consult,HR,empjs,my head,f,grey,bus,7,4.8,5.7,4.8,5.2,
0,f,38,Retail,HR,friends,no,m,white,bus,7.8,7.6,2.6,5.6,7.5,
0,f,20,Telecom,HR,referal,my head,f,white,bus,9.4,6.9,2.6,3.3,7.5,
1,f,34,Retail,HR,empjs,no,m,white,car,7.8,4.1,2.6,4.8,4.4,
0,f,24,IT,HR,empjs,no,m,white,bus,6.2,6.2,4.9,3.3,4.4,
0,f,38,Retail,BusinessDevelopment,youjs,no,m,white,car,7,4.8,4.1,7.1,9,
0,f,33,Pharma,HR,rabrecNErab,no,m,white,bus,5.4,6.9,4.1,4.8,6,
1,m,25,Retail,IT,referal,no,m,white,car,2.2,7.6,5.7,7.9,6,
0,f,32,manufacture,HR,KA,no,m,white,car,6.2,6.9,5.7,4.8,8.3,
1,f,36,manufacture,Sales,KA,no,m,grey,car,8.6,4.8,1.8,7.1,8.3,
1,f,32,etc,HR,youjs,my head,f,white,bus,5.4,6.9,7.2,7.9,6.7,
1,f,25,Consult,HR,youjs,my head,f,white,bus,6.2,6.2,5.7,3.3,6.7,
0,m,37,manufacture,etc,youjs,no,m,white,bus,3,8.4,5.7,5.6,6.7,
1,f,26,Consult,BusinessDevelopment,empjs,my head,m,white,bus,9.4,6.9,3.3,3.3,6,
0,m,32,Retail,HR,youjs,no,m,white,bus,4.6,2.6,6.4,8.7,6,
0,f,25,etc,HR,KA,my head,m,white,foot,7.8,4.1,6.4,4,3.7,
1,f,37,IT,HR,empjs,yes,f,white,bus,6.2,6.9,5.7,6.3,5.2,
1,f,25,transport,HR,referal,my head,f,white,car,4.6,6.9,4.9,4,6,
0,f,25,Pharma,HR,friends,my head,f,white,bus,10,1.9,2.6,7.1,9.8,
0,f,56,Retail,HR,empjs,no,m,white,bus,4.6,6.2,4.9,5.6,6.7,
1,m,24,State,Teaching,rabrecNErab,no,f,white,bus,6.2,4.1,5.7,5.6,3.7,
0,f,32,IT,HR,rabrecNErab,no,f,white,bus,4.6,7.6,4.1,4.8,6,
0,f,24,Retail,HR,KA,no,f,white,bus,7,4.8,2.6,5.6,8.3,
0,f,24,Pharma,HR,youjs,yes,f,white,bus,5.4,6.9,5.7,5.6,4.4,
0,f,24,manufacture,HR,youjs,no,m,white,bus,3.8,7.6,8,4.8,2.9,
0,m,31,Banks,HR,youjs,no,f,white,car,5.4,4.8,8.7,5.6,4.4,
0,f,27,Building,HR,empjs,no,m,white,bus,8.6,5.5,4.9,3.3,3.7,
0,f,37,manufacture,HR,KA,no,m,white,foot,6.2,6.9,3.3,7.1,6.7,
1,f,38,Retail,HR,rabrecNErab,no,m,white,car,1.4,4.1,7.2,6.3,7.5,
0,f,35,Consult,HR,friends,my head,f,white,foot,7,6.2,7.2,2.5,5.2,
0,f,35,Consult,HR,friends,my head,f,white,foot,8.6,6.9,5.7,3.3,4.4,
0,m,29,PowerGeneration,HR,friends,no,f,white,bus,7,5.5,8,5.6,8.3,
0,m,25,Retail,Marketing,youjs,no,f,white,car,6.2,2.6,5.7,5.6,6.7,
1,f,26,Consult,HR,youjs,my head,f,white,bus,8.6,4.1,4.9,5.6,5.2,
0,f,27,manufacture,HR,referal,no,f,white,car,5.4,9.1,3.3,4.8,6,
1,f,34,Retail,HR,youjs,no,f,white,bus,7,1.9,9.5,5.6,6,
1,f,34,Retail,HR,youjs,no,f,white,bus,6.2,2.6,8.7,6.3,6,
1,f,34,Retail,HR,youjs,no,f,white,bus,5.4,2.6,10,3.3,3.7,
1,f,34,Retail,HR,youjs,no,f,white,bus,4.6,5.5,10,2.5,5.2,
0,f,35, HoReCa,HR,youjs,no,f,white,bus,5.4,5.5,7.2,5.6,2.9,
1,f,36,PowerGeneration,Accounting,empjs,no,f,white,bus,7.8,1.9,4.1,7.1,9,
0,f,46,etc,Marketing,friends,no,m,white,bus,4.6,8.4,4.9,7.9,6,
1,f,32,Building,HR,rabrecNErab,my head,m,white,car,7.8,5.5,4.9,6.3,9,
0,f,38,Retail,HR,youjs,no,f,white,foot,7,1.9,9.5,5.6,6,
0,f,38,Retail,HR,youjs,no,f,white,foot,6.2,2.6,8.7,6.3,6,
0,f,38,Retail,HR,youjs,no,f,white,foot,5.4,2.6,10,3.3,3.7,
0,f,38,Retail,HR,youjs,no,f,white,foot,4.6,5.5,10,2.5,5.2,
0,f,25,etc,HR,youjs,no,f,white,bus,6.2,6.2,3.3,6.3,6.7,
1,f,23,Retail,HR,youjs,no,f,white,bus,7,5.5,3.3,4.8,6.7,
0,f,31,Retail,HR,youjs,yes,f,white,bus,4.6,5.5,7.2,3.3,2.9,
0,f,31,Retail,HR,youjs,yes,f,white,bus,4.6,5.5,7.2,4.8,3.7,
0,f,40,etc,HR,youjs,no,f,white,foot,3.8,8.4,8,4,4.4,
0,f,40,etc,HR,youjs,no,f,white,foot,4.6,9.1,4.9,3.3,2.9,
0,m,40,IT,Sales,friends,no,m,white,car,1.4,6.9,9.5,6.3,1.3,
0,m,26,Building,HR,friends,my head,m,white,car,4.6,6.9,4.9,5.6,6.7,
0,m,23,Retail,HR,empjs,no,f,white,car,4.6,6.2,8,7.1,5.2,
0,m,23,Retail,HR,empjs,no,f,white,car,5.4,7.6,5.7,7.1,6,
1,m,37,IT,IT,rabrecNErab,no,m,white,bus,7.8,4.8,2.6,5.6,9.8,
0,f,34,Banks,HR,youjs,no,f,white,bus,3.8,6.9,7.2,5.6,5.2,
1,f,29,Banks,HR,youjs,my head,f,white,bus,4.6,4.1,6.4,4.8,4.4,
1,f,27,Retail,HR,youjs,my head,m,white,car,6.2,6.9,4.1,5.6,6,
0,f,31,Consult,Marketing,rabrecNErab,no,m,white,foot,5.4,5.5,3.3,7.9,8.3,
1,m,18,Retail,Sales,referal,my head,m,white,bus,7.8,5.5,2.6,7.1,7.5,
0,f,31, HoReCa,HR,rabrecNErab,no,f,white,car,7,4.8,6.4,4,6.7,
0,f,27,Retail,HR,empjs,my head,m,white,bus,5.4,7.6,6.4,4,4.4,
0,f,35,etc,HR,rabrecNErab,no,f,white,bus,5.4,6.9,7.2,7.9,6.7,
0,f,39,manufacture,HR,rabrecNErab,my head,f,white,bus,3,7.6,9.5,3.3,4.4,
0,f,39,manufacture,HR,rabrecNErab,my head,f,white,bus,3,7.6,8,4,1.3,
0,f,27,PowerGeneration,HR,youjs,no,m,white,bus,3,2.6,6.4,7.1,7.5,
0,f,27,PowerGeneration,HR,youjs,no,m,white,bus,3,5.5,4.1,7.1,8.3,
1,f,37,Retail,HR,friends,no,f,white,car,6.2,6.9,4.1,6.3,8.3,
1,f,37,Retail,HR,friends,no,f,white,car,3.8,9.1,4.9,5.6,7.5,
1,f,37,Retail,HR,friends,no,f,white,car,6.2,6.9,4.1,6.3,8.3,
1,f,37,Retail,HR,friends,no,f,white,car,3.8,9.1,4.9,5.6,7.5,
0,f,36,IT,HR,youjs,my head,f,white,bus,5.4,6.9,5.7,5.6,6.7,
0,f,31,IT,HR,friends,my head,f,white,bus,6.2,6.2,5.7,3.3,6.7,
0,f,23,Retail,HR,empjs,my head,f,white,bus,6.2,4.1,8,4,4.4,
0,f,31,manufacture,HR,friends,my head,f,white,bus,1.4,7.6,8,5.6,1,
0,m,22,etc,HR,youjs,no,f,white,bus,8.6,2.6,6.4,6.3,6.7,
1,m,30,Retail,Finanñe,friends,no,f,white,bus,8.6,2.6,4.9,7.1,7.5,
0,f,45,Retail,HR,friends,no,f,white,foot,3.8,6.9,8,6.3,5.2,
0,f,33,PowerGeneration,HR,empjs,my head,f,white,car,7.8,6.2,6.4,7.9,6,
0,f,33,PowerGeneration,HR,empjs,my head,f,white,car,3.8,3.4,5.7,8.7,7.5,
1,f,33,Banks,HR,empjs,no,f,white,bus,7,6.2,1,9.4,7.5,
1,f,18,Banks,HR,rabrecNErab,my head,f,white,bus,6.2,6.2,4.1,2.5,5.2,
1,f,36,PowerGeneration,HR,youjs,my head,m,white,bus,6.2,5.5,5.7,5.6,6.7,
0,f,41,Retail,HR,youjs,no,m,grey,bus,7.8,7.6,4.1,1.7,5.2,
1,f,29,Banks,HR,friends,no,f,white,bus,6.2,5.5,4.9,5.6,9.8,
0,f,50,Pharma,BusinessDevelopment,youjs,no,m,grey,car,4.6,6.2,8,4.8,5.2,
0,f,34, HoReCa,HR,youjs,no,f,white,car,6.2,4.1,7.2,4.8,1,
1,m,38,Retail,Commercial,KA,yes,m,white,car,7.8,9.1,2.6,4,9,
0,f,25,IT,HR,youjs,no,m,white,bus,6.2,6.9,2.6,5.6,7.5,
1,f,30.40033257,State,Finanñe,referal,no,m,grey,bus,10,5.5,4.1,4,7.5,
1,m,27,Retail,Sales,youjs,my head,m,white,car,3.8,3.4,2.6,10,9,
1,f,38,Retail,Commercial,empjs,no,m,white,car,7,6.9,4.1,4,6.7,
0,f,29,Retail,HR,youjs,no,f,white,car,8.6,6.2,4.9,4.8,9,
0,f,26,Telecom,IT,youjs,my head,m,white,car,3,6.9,4.9,6.3,6,
0,f,27,manufacture,HR,empjs,no,f,white,bus,7,4.8,6.4,4.8,4.4,
0,m,43,Consult,IT,referal,no,m,white,foot,6.2,4.1,5.7,7.1,8.3,
1,m,34,Retail,Commercial,KA,no,m,white,car,3.8,3.4,7.2,8.7,7.5,
0,f,31,etc,HR,rabrecNErab,no,f,grey,bus,8.6,4.8,2.6,7.9,6.7,
0,f,27,manufacture,HR,friends,no,m,white,bus,7.8,4.8,1.8,6.3,6,
0,f,28,manufacture,HR,youjs,my head,f,white,car,7,4.8,5.7,2.5,4.4,
0,f,21,Consult,HR,friends,yes,f,grey,bus,7,6.2,4.1,4.8,6.7,
1,f,39,State,HR,friends,no,f,white,car,7,4.1,2.6,7.9,7.5,
1,f,39,State,HR,friends,no,f,white,car,7.8,6.2,2.6,5.6,6.7,
1,f,39,State,Teaching,rabrecNErab,no,m,grey,bus,2.2,6.9,8.7,6.3,5.2,
1,f,27,Retail,Sales,referal,my head,m,white,bus,8.6,7.6,1,5.6,10,
1,m,29,Retail,IT,referal,yes,m,white,car,1.4,4.1,10,4.8,1.3,
0,f,49,Telecom,HR,friends,no,m,white,car,5.4,2.6,4.1,6.3,6.7,
0,m,27,Retail,BusinessDevelopment,referal,no,m,white,car,3.8,6.2,4.1,7.9,5.2,
1,f,28,Banks,HR,youjs,no,f,white,foot,3.8,9.1,6.4,4.8,6.7,
1,f,27,Consult,Sales,rabrecNErab,my head,m,grey,bus,7,4.8,4.9,5.6,6.7,
0,m,23,Consult,HR,empjs,my head,m,white,bus,4.6,6.2,4.9,6.3,8.3,
0,m,41,IT,IT,friends,no,m,white,car,1.4,6.9,9.5,6.3,1.3,
0,m,49,PowerGeneration,IT,friends,no,m,grey,car,3,3.4,8.7,5.6,3.7,
0,m,30,IT,IT,friends,my head,m,white,bus,6.2,4.8,7.2,4.8,3.7,
0,f,21,Banks,HR,youjs,my head,f,grey,bus,4.6,6.9,7.2,7.1,1.3,
1,f,24,manufacture,HR,referal,no,f,white,bus,7.8,5.5,7.2,5.6,3.7,
1,f,34,Retail,HR,youjs,my head,m,white,car,3.8,4.8,6.4,7.9,6.7,
1,m,38,Retail,HR,rabrecNErab,no,f,white,bus,7,3.4,5.7,8.7,5.2,
0,f,32,etc,Sales,empjs,no,m,white,bus,7.8,5.5,2.6,4,7.5,
1,f,58,Retail,Accounting,youjs,no,m,white,bus,5.4,4.8,6.4,4.8,6,
0,m,29,PowerGeneration,HR,friends,no,f,white,bus,7,5.5,8,5.6,8.3,
0,m,23,IT,IT,youjs,my head,m,white,car,4.6,5.5,8.7,4.8,4.4,
0,f,36,IT,HR,recNErab,yes,m,white,bus,4.6,6.9,4.9,5.6,6,
0,f,45,State,HR,rabrecNErab,no,f,grey,bus,6.2,6.2,3.3,6.3,8.3,
0,f,45,State,HR,rabrecNErab,no,f,grey,bus,4.6,4.8,4.1,7.9,9,
1,f,28,Consult,HR,youjs,my head,m,white,bus,7,4.1,3.3,4.8,6.7,
1,f,37,Mining,HR,rabrecNErab,no,m,white,bus,4.6,4.8,8,5.6,8.3,
0,f,32,Building,HR,KA,no,m,white,bus,7.8,6.9,4.1,3.3,7.5,
0,m,37,IT,IT,rabrecNErab,my head,m,white,bus,6.2,6.9,4.1,4,8.3,
0,m,29,IT,IT,rabrecNErab,no,m,white,bus,1,5.5,10,7.1,2.9,
0,f,25,Retail,HR,youjs,my head,m,white,car,6.2,3.4,6.4,6.3,7.5,
0,m,27,Retail,IT,KA,no,m,white,bus,3.8,6.2,4.1,9.4,6.7,
0,f,42,IT,IT,KA,no,m,white,foot,1.4,7.6,8.7,4.8,5.2,
1,m,32,IT,IT,empjs,no,m,white,car,1.4,7.6,9.5,6.3,5.2,
0,m,28,Banks,IT,rabrecNErab,yes,m,white,bus,2.2,7.6,5.7,5.6,2.9,
0,m,40,State,Finanñe,rabrecNErab,no,f,white,car,4.6,7.6,5.7,6.3,7.5,
1,m,22,Building,Consult,friends,yes,m,white,bus,7,4.8,2.6,7.1,6.7,
1,m,34,IT,IT,referal,no,f,white,car,3.8,3.4,5.7,7.9,6.7,
0,m,40,IT,IT,empjs,no,m,white,car,3.8,6.2,8.7,6.3,4.4,
0,m,24,IT,IT,empjs,yes,m,white,bus,5.4,4.8,6.4,5.6,3.7,
0,m,34,IT,IT,referal,no,m,white,foot,6.2,1.2,7.2,6.3,9,
0,m,29,IT,IT,youjs,no,m,white,bus,3.8,2.6,6.4,7.9,8.3,
0,m,40,Consult,IT,friends,no,m,white,foot,3.8,4.1,7.2,8.7,6.7,
0,f,23,IT,HR,rabrecNErab,yes,m,white,bus,5.4,4.8,5.7,7.1,6.7,
1,f,36,PowerGeneration,HR,youjs,my head,m,white,bus,6.2,5.5,5.7,5.6,6.7,
1,m,35,IT,IT,referal,yes,m,white,car,6.2,7.6,4.1,6.3,6.7,
0,m,24,IT,IT,empjs,yes,m,white,car,5.4,1.9,6.4,9.4,6,
0,f,34,Retail,Accounting,rabrecNErab,no,f,white,car,4.6,3.4,8,5.6,5.2,
1,m,44,IT,Engineer,empjs,no,m,white,bus,7,7.6,6.4,6.3,6,
0,f,29,Banks,HR,friends,my head,f,white,bus,3.8,7.6,8,6.3,4.4,
0,m,34,manufacture,HR,referal,my head,f,white,bus,7.8,4.8,7.2,6.3,7.5,
0,m,28,IT,IT,empjs,my head,m,white,bus,4.6,4.8,5.7,6.3,4.4,
0,f,23,Retail,HR,youjs,no,f,white,bus,3,4.8,6.4,5.6,3.7,
0,f,37,transport,HR,youjs,no,m,white,bus,4.6,6.2,8,4.8,6,
0,m,29,Mining,HR,empjs,no,f,white,foot,2.2,7.6,6.4,9.4,6,
0,m,29,Mining,HR,empjs,no,f,white,foot,2.2,5.5,7.2,7.1,6.7,
0,m,23,Retail,Sales,empjs,my head,m,white,bus,6.2,2.6,8.7,4.8,5.2,
0,f,32,Retail,HR,youjs,no,f,white,bus,4.6,4.1,6.4,5.6,6,
0,f,29,Retail,Commercial,friends,my head,m,white,foot,4.6,4.8,7.2,6.3,2.9,
1,m,36,IT,IT,empjs,no,m,white,foot,3.8,7.6,2.6,7.9,4.4,
0,f,32,manufacture,HR,friends,no,m,grey,car,3.8,9.1,4.9,4.8,6,
1,f,26,Consult,HR,empjs,my head,m,grey,bus,7.8,6.9,4.1,4,4.4,
0,f,30,Retail,HR,referal,no,m,white,car,5.4,3.4,3.3,8.7,8.3,
0,f,30,Retail,HR,referal,no,m,white,car,6.2,6.2,7.2,3.3,3.7,
0,f,30,RealEstate,Sales,referal,my head,m,white,foot,5.4,6.9,2.6,5.6,8.3,
0,f,24,Mining,HR,advert,yes,f,white,bus,5.4,4.1,6.4,6.3,2.1,
0,m,28,IT,IT,referal,no,m,white,bus,4.6,4.8,7.2,6.3,5.2,
0,f,26,Consult,HR,empjs,no,m,white,bus,10,4.1,1,7.1,7.5,
0,f,41,manufacture,HR,friends,no,f,white,bus,7,4.8,3.3,5.6,7.5,
1,f,38,manufacture,HR,KA,my head,m,white,car,3,3.4,7.2,5.6,5.2,
1,f,24,Consult,HR,youjs,no,f,white,bus,5.4,6.9,7.2,2.5,4.4,
0,f,37,Telecom,HR,youjs,no,f,white,foot,7,4.1,6.4,5.6,8.3,
0,f,47,manufacture,HR,recNErab,no,f,white,car,5.4,7.6,4.9,4.8,6.7,
0,f,26,Retail,HR,rabrecNErab,my head,f,white,car,5.4,5.5,4.9,7.9,6.7,
0,f,46,manufacture,HR,friends,no,f,white,bus,3,4.1,6.4,5.6,5.2,
0,f,30,IT,HR,empjs,no,m,white,bus,6.2,7.6,3.3,6.3,7.5,
1,f,37,Retail,HR,rabrecNErab,no,m,white,car,7,6.2,3.3,5.6,9,
0,f,30,IT,HR,referal,my head,m,white,bus,5.4,3.4,3.3,8.7,8.3,
0,f,30,IT,HR,referal,my head,m,white,bus,6.2,6.2,7.2,3.3,3.7,
0,f,34,IT,HR,friends,no,m,white,bus,5.4,4.1,3.3,7.9,7.5,
0,f,23,Retail,HR,youjs,my head,f,white,bus,4.6,6.9,5.7,4.8,9,
1,f,35,manufacture,HR,youjs,no,m,white,car,5.4,4.1,4.1,7.1,7.5,
1,f,42,manufacture,HR,empjs,no,m,white,bus,7.8,5.5,8.7,4.8,6,
0,f,41,manufacture,HR,friends,no,m,white,bus,3,3.4,7.2,5.6,5.2,
0,f,41,Agriculture,HR,empjs,no,m,white,car,7.8,2.6,4.1,6.3,4.4,
0,f,42,IT,HR,youjs,my head,m,white,bus,7.8,5.5,2.6,6.3,8.3,
0,f,42,IT,HR,youjs,my head,m,white,bus,8.6,5.5,3.3,6.3,7.5,
0,f,42,IT,HR,youjs,my head,m,white,bus,7,6.9,4.1,5.6,7.5,
1,f,37,Retail,HR,friends,no,f,white,car,6.2,6.9,4.1,6.3,8.3,
1,f,37,Retail,HR,friends,no,f,white,car,3.8,9.1,4.9,5.6,7.5,
0,f,33,Retail,HR,referal,my head,m,white,car,5.4,4.1,6.4,5.6,6.7,
1,f,48,PowerGeneration,HR,empjs,no,f,white,bus,6.2,4.8,5.7,8.7,7.5,
0,f,34,Retail,Accounting,rabrecNErab,no,f,white,car,4.6,3.4,8,5.6,5.2,
0,f,23,Consult,etc,youjs,my head,m,white,foot,4.6,7.6,4.9,5.6,5.2,
1,f,21,PowerGeneration,HR,youjs,my head,f,grey,bus,3.8,6.9,8.7,4,6.7,
0,m,24,IT,IT,empjs,no,m,white,bus,3.8,4.1,4.1,8.7,6,
0,f,21,IT,HR,advert,no,m,white,bus,7,4.8,4.1,5.6,8.3,
0,f,38,Consult,HR,youjs,my head,f,white,bus,2.2,8.4,7.2,3.3,5.2,
0,f,34,Telecom,HR,youjs,yes,f,white,bus,3,6.2,8.7,5.6,7.5,
0,f,27,Pharma,HR,rabrecNErab,my head,m,white,bus,3,5.5,10,6.3,4.4,
0,f,32,Retail,Sales,youjs,no,m,white,car,7,4.1,8.7,3.3,1,
1,f,27,etc,HR,youjs,my head,f,white,bus,5.4,6.2,5.7,5.6,6.7,
1,f,31,IT,IT,youjs,my head,m,white,bus,5.4,5.5,7.2,4.8,5.2,
1,f,26,Retail,Sales,referal,my head,f,grey,bus,5.4,7.6,2.6,4.8,9,
0,m,28,IT,IT,friends,no,m,white,foot,2.2,5.5,8.7,5.6,6,
1,f,24,Retail,HR,youjs,my head,f,white,bus,6.2,4.8,7.2,4,6.7,
0,m,34,manufacture,HR,KA,no,m,white,car,5.4,4.1,8,7.1,8.3,
0,m,34,manufacture,HR,KA,no,m,white,car,3,5.5,7.2,7.9,6,
0,f,22,Retail,Commercial,referal,no,f,white,bus,7,5.5,6.4,4.8,2.9,
0,f,30,transport,HR,empjs,no,m,white,bus,3.8,3.4,7.2,7.9,2.9,
0,f,27,Consult,Consult,advert,no,m,white,bus,6.2,3.4,5.7,4.8,8.3,
0,f,30,State,HR,rabrecNErab,my head,f,white,bus,5.4,9.8,3.3,5.6,6.7,
1,f,42,transport,HR,empjs,no,m,white,bus,5.4,4.8,4.1,4.8,6,
0,f,24,Mining,HR,youjs,no,f,white,bus,4.6,7.6,7.2,2.5,3.7,
0,m,36,PowerGeneration,HR,rabrecNErab,no,m,white,bus,7,4.8,4.1,4,4.4,
0,f,30,IT,HR,friends,no,m,white,car,9.4,4.1,3.3,5.6,7.5,
0,f,24,Retail,HR,youjs,yes,f,white,bus,8.6,4.1,4.9,7.9,5.2,
1,f,39,Banks,HR,referal,no,m,white,car,5.4,9.1,3.3,2.5,8.3,
0,m,35,State,HR,empjs,no,f,white,bus,3.8,4.8,7.2,5.6,6.7,
0,m,39,Retail,IT,friends,my head,f,white,car,7.8,3.4,3.3,7.1,6.7,
0,m,27,Consult,HR,youjs,my head,m,white,bus,3,4.8,6.4,7.1,7.5,
0,f,27,Mining,HR,youjs,no,m,white,bus,3,5.5,7.2,4.8,6.7,
0,f,24,Retail,HR,friends,my head,f,white,bus,5.4,4.8,4.9,7.1,6.7,
0,f,24,Retail,HR,friends,my head,f,white,bus,4.6,1.9,8,6.3,6,
1,m,41,IT,Consult,empjs,no,m,white,bus,3.8,3.4,8,7.9,6,
0,f,28,IT,HR,empjs,my head,m,white,car,8.6,4.8,1,6.3,8.3,
1,m,32,Retail,Commercial,youjs,no,m,grey,car,3.8,3.4,8.7,7.9,4.4,
0,f,31,manufacture,HR,youjs,no,f,white,bus,7.8,5.5,3.3,5.6,8.3,
1,f,41,Retail,HR,empjs,no,f,white,bus,3,6.9,6.4,4.8,6,
1,f,41,Retail,HR,empjs,no,f,white,bus,2.2,6.9,8,6.3,3.7,
1,f,41,Retail,HR,empjs,no,f,white,bus,3,6.9,7.2,4.8,5.2,
0,f,43,manufacture,HR,rabrecNErab,no,m,white,car,5.4,4.8,5.7,6.3,6.7,
1,f,32,transport,PR,referal,no,f,white,car,4.6,2.6,6.4,4.8,4.4,
0,m,45,manufacture,HR,empjs,no,m,white,car,6.2,3.4,7.2,6.3,3.7,
0,m,45,manufacture,HR,empjs,no,m,white,car,7,5.5,5.7,6.3,6,
0,f,43,IT,HR,empjs,no,m,white,bus,7.8,6.2,4.1,4,8.3,
0,f,38,Retail,HR,empjs,no,m,grey,car,8.6,5.5,4.1,5.6,6.7,
0,f,38,Retail,HR,empjs,no,m,grey,car,8.6,3.4,4.1,7.1,6,
0,f,38,Retail,HR,empjs,no,m,grey,car,7.8,4.1,4.1,7.1,6.7,
0,f,46,etc,HR,empjs,no,f,white,bus,6.2,4.8,7.2,5.6,6.7,
0,f,35,etc,HR,KA,no,f,white,car,3,7.6,7.2,4.8,2.9,
0,m,38,manufacture,HR,recNErab,no,m,white,foot,6.2,4.1,6.4,6.3,5.2,
0,m,38,manufacture,HR,recNErab,no,m,white,foot,8.6,2.6,7.2,4.8,4.4,
1,f,26,manufacture,HR,referal,no,m,white,car,3,4.8,7.2,7.9,5.2,
1,f,26,manufacture,HR,referal,no,m,white,car,3,5.5,5.7,7.1,5.2,
0,f,27,Telecom,HR,youjs,no,f,white,bus,7,4.8,4.1,4.8,7.5,
0,f,27,Telecom,HR,youjs,no,f,white,bus,5.4,6.9,8,4.8,6,
0,f,43,Building,HR,friends,no,m,white,bus,6.2,6.2,4.1,5.6,6.7,
0,m,26,Telecom,HR,youjs,yes,f,white,bus,3,6.9,4.9,4.8,7.5,
0,f,25,Banks,HR,youjs,yes,f,white,bus,7,6.2,3.3,3.3,3.7,
0,f,26,transport,HR,youjs,yes,f,white,bus,5.4,2.6,7.2,7.1,5.2,
0,f,26,transport,HR,youjs,yes,f,white,bus,5.4,4.1,8.7,4.8,2.9,
0,f,33,PowerGeneration,HR,empjs,my head,f,white,car,7.8,6.2,6.4,7.9,6,
0,f,33,PowerGeneration,HR,empjs,my head,f,white,car,3.8,3.4,5.7,8.7,7.5,
0,f,38,manufacture,HR,referal,no,m,white,car,3.8,6.9,4.9,4.8,6,
0,f,32,IT,HR,youjs,yes,m,white,bus,6.2,3.4,8,3.3,3.7,
0,f,45,etc,HR,empjs,no,f,white,car,4.6,4.8,8.7,4.8,6,
0,m,32,Retail,HR,rabrecNErab,no,f,white,bus,7.8,2.6,5.7,8.7,5.2,
0,f,35,RealEstate,HR,rabrecNErab,no,m,white,car,7.8,3.4,5.7,4,6,
1,f,24,Retail,HR,rabrecNErab,my head,f,white,bus,5.4,8.4,4.1,4.8,6,
1,f,24,Retail,HR,rabrecNErab,my head,f,white,bus,7.8,5.5,4.1,4.8,5.2,
1,m,31,Retail,BusinessDevelopment,KA,my head,m,white,car,9.4,4.8,4.1,7.1,5.2,
1,m,31,Retail,BusinessDevelopment,KA,my head,m,white,car,7.8,4.8,3.3,7.1,5.2,
0,f,24,Banks,HR,youjs,my head,f,white,bus,6.2,6.2,4.1,4.8,6,
0,m,26,Pharma,HR,referal,my head,f,white,bus,4.6,4.1,5.7,8.7,5.2,
0,f,34,Retail,HR,rabrecNErab,no,f,white,car,6.2,5.5,6.4,7.1,6,
0,f,42,Mining,HR,friends,no,m,white,bus,4.6,6.2,7.2,6.3,6,
0,f,27,PowerGeneration,Finanñe,youjs,my head,m,white,bus,6.2,3.4,6.4,7.1,6.7,
0,f,35,manufacture,HR,friends,no,m,white,car,7,4.1,6.4,6.3,6.7,
0,f,37,Consult,HR,friends,no,m,white,bus,6.2,6.2,2.6,4.8,8.3,
0,f,37,Consult,HR,friends,no,m,white,bus,5.4,7.6,4.9,2.5,6.7,
0,f,30,IT,HR,empjs,no,m,grey,bus,10,3.4,3.3,4,7.5,
1,f,27,Retail,HR,youjs,no,m,white,car,8.6,4.8,7.2,4,3.7,
0,m,26,Mining,HR,rabrecNErab,my head,m,white,car,7,3.4,4.9,7.9,9,
0,f,27,IT,HR,rabrecNErab,no,m,white,bus,7,6.2,4.1,4.8,8.3,
1,f,23,Building,HR,friends,no,f,white,bus,7,5.5,4.1,5.6,8.3,
0,f,54,etc,HR,friends,no,m,white,car,4.6,8.4,5.7,4,4.4,
0,f,21,Retail,HR,empjs,my head,f,white,bus,2.2,4.8,8.7,7.9,5.2,
0,f,21,Retail,HR,empjs,my head,f,white,bus,3.8,3.4,8.7,7.1,3.7,
0,f,32,Telecom,HR,KA,no,m,white,car,7.8,4.8,2.6,8.7,7.5,
0,f,32,Telecom,HR,KA,no,m,white,car,8.6,4.1,1.8,8.7,8.3,
0,f,25,manufacture,HR,youjs,my head,f,white,foot,4.6,7.6,9.5,2.5,1.3,
0,f,25,manufacture,HR,youjs,my head,f,white,foot,5.4,5.5,7.2,5.6,2.9,
0,f,28,Retail,HR,youjs,no,f,white,car,5.4,5.5,6.4,2.5,4.4,
0,f,33,Retail,HR,youjs,no,m,white,bus,1.4,6.9,8,6.3,5.2,
0,f,23,Retail,HR,rabrecNErab,no,m,white,bus,5.4,5.5,5.7,4.8,9.8,
0,f,31,Retail,HR,empjs,my head,f,white,bus,5.4,7.6,6.4,4.8,6,
0,f,31,Retail,HR,empjs,my head,f,white,bus,6.2,6.2,6.4,4,6,
1,f,23,Retail,HR,youjs,no,f,white,car,7.8,4.8,3.3,6.3,7.5,
0,f,46,IT,HR,friends,yes,f,white,bus,3,6.9,6.4,5.6,6,
0,f,46,IT,HR,friends,yes,f,white,bus,7,6.2,5.7,4.8,4.4,
1,f,34,Banks,HR,youjs,no,f,white,bus,1.4,6.9,8,4,5.2,
0,f,26,Retail,Commercial,empjs,yes,f,white,bus,3.8,4.8,7.2,5.6,4.4,
0,f,30,RealEstate,HR,empjs,no,m,grey,car,7.8,4.8,3.3,5.6,6.7,
0,f,30,RealEstate,HR,empjs,no,m,grey,car,10,4.1,1.8,6.3,8.3,
0,f,29,Retail,HR,empjs,my head,f,white,bus,6.2,6.9,8.7,3.3,2.9,
0,f,32,IT,HR,referal,no,f,white,bus,4.6,7.6,4.1,4.8,6,
0,m,37,IT,IT,youjs,no,m,white,foot,4.6,6.2,4.9,6.3,4.4,
0,f,39,etc,HR,youjs,no,m,white,bus,7,4.8,6.4,5.6,5.2,
0,f,50,Building,HR,rabrecNErab,no,m,white,bus,6.2,6.2,6.4,3.3,6.7,
0,f,51,Consult,HR,empjs,no,m,white,bus,3.8,7.6,5.7,6.3,5.2,
0,f,33,IT,HR,rabrecNErab,my head,f,white,bus,3.8,6.2,6.4,4.8,6.7,
0,f,25,Retail,PR,friends,my head,f,white,bus,7,9.1,1.8,4.8,6,
0,f,32,manufacture,HR,rabrecNErab,no,m,white,bus,3.8,5.5,8.7,3.3,3.7,
0,f,32,manufacture,HR,rabrecNErab,no,m,white,bus,3,6.9,6.4,3.3,2.9,
0,m,23,manufacture,IT,youjs,no,m,white,bus,5.4,4.8,5.7,6.3,5.2,
0,f,38,manufacture,HR,youjs,no,f,white,foot,7,1.9,9.5,5.6,6,
0,f,38,manufacture,HR,youjs,no,f,white,foot,6.2,2.6,8.7,6.3,6,
0,f,38,manufacture,HR,youjs,no,f,white,foot,5.4,2.6,10,3.3,3.7,
0,f,38,manufacture,HR,youjs,no,f,white,foot,4.6,5.5,10,2.5,5.2,
0,f,27,Retail,HR,youjs,my head,m,grey,bus,7,4.8,6.4,4.8,7.5,
1,f,39,Building,HR,KA,no,m,grey,bus,8.6,4.8,3.3,4,6.7,
0,f,29,etc,HR,rabrecNErab,my head,f,white,bus,6.2,7.6,4.1,4,8.3,
0,f,31,Consult,HR,KA,no,m,grey,car,7,6.9,1.8,6.3,10,
0,f,32,Banks,HR,rabrecNErab,no,m,grey,bus,6.2,2.6,2.6,10,7.5,
0,m,24,Consult,HR,youjs,my head,m,white,bus,6.2,4.8,6.4,7.1,7.5,
0,f,24,PowerGeneration,HR,rabrecNErab,yes,f,white,bus,4.6,6.9,7.2,5.6,4.4,
0,f,24,PowerGeneration,HR,rabrecNErab,yes,f,white,bus,6.2,4.8,4.9,4.8,3.7,
0,m,26,IT,IT,youjs,my head,f,white,bus,4.6,4.1,6.4,4.8,4.4,
0,f,30,Retail,Sales,youjs,my head,f,white,bus,6.2,4.8,5.7,5.6,8.3,
1,f,33,manufacture,HR,recNErab,no,m,white,car,6.2,4.8,2.6,5.6,6.7,
1,f,34,Retail,HR,youjs,no,f,white,bus,3.8,7.6,8.7,4,4.4,
1,f,22,Building,HR,rabrecNErab,my head,f,white,car,6.2,7.6,6.4,2.5,4.4,
0,f,28,manufacture,HR,youjs,no,m,white,bus,3.8,6.2,6.4,5.6,3.7,
0,f,41,Retail,HR,rabrecNErab,no,m,white,bus,1.4,4.8,8.7,5.6,2.1,
0,f,41,Retail,HR,rabrecNErab,no,m,white,bus,3,8.4,8,3.3,2.1,
1,m,27,Retail,Sales,empjs,no,m,white,bus,3,4.1,9.5,7.1,5.2,
0,f,29,IT,HR,youjs,my head,m,white,bus,6.2,6.2,4.9,5.6,6,
0,f,35,etc,HR,youjs,no,m,white,car,4.6,4.8,8,6.3,4.4,
1,f,25,IT,HR,youjs,no,m,white,car,5.4,4.8,6.4,6.3,7.5,
0,m,33,Retail,HR,youjs,my head,f,white,bus,2.2,7.6,6.4,4.8,7.5,
1,f,22,IT,HR,friends,my head,f,white,bus,3,5.5,9.5,6.3,3.7,
1,m,24,manufacture,Marketing,empjs,my head,m,white,car,7.8,5.5,1.8,6.3,6.7,
0,f,23,Banks,HR,empjs,my head,f,white,bus,3.8,6.2,6.4,7.1,5.2,
0,m,27,IT,HR,empjs,no,f,grey,bus,7.8,4.8,3.3,6.3,6.7,
0,m,27,transport,HR,friends,no,f,white,bus,3,7.6,8.7,3.3,2.9,
0,f,30,manufacture,HR,rabrecNErab,no,f,white,car,7,5.5,4.1,5.6,6.7,
1,f,26, HoReCa,HR,friends,no,m,white,bus,6.2,2.6,4.9,7.9,6,
1,m,30,Banks,Finanñe,rabrecNErab,my head,m,white,car,3.8,4.8,9.5,4,2.1,
0,m,32,etc,HR,KA,no,f,white,bus,5.4,9.1,4.9,3.3,6.7,
0,f,38,Banks,HR,recNErab,yes,m,white,car,3.8,6.9,4.1,5.6,3.7,
0,f,34,manufacture,HR,rabrecNErab,yes,m,white,bus,4.6,5.5,7.2,4.8,6,
0,f,26,Retail,HR,empjs,no,m,white,car,6.2,2.6,8,6.3,7.5,
1,f,22,PowerGeneration,HR,recNErab,no,m,white,bus,7,4.8,4.9,6.3,7.5,
1,f,21,manufacture,Finanñe,rabrecNErab,my head,f,white,car,5.4,4.1,6.4,6.3,7.5,
0,f,28,IT,HR,recNErab,no,f,white,bus,6.2,6.9,1.8,5.6,7.5,
0,m,32,manufacture,HR,KA,no,m,white,bus,2.2,4.1,5.7,8.7,6,
1,f,24,Retail,Commercial,youjs,my head,m,white,bus,4.6,7.6,7.2,3.3,6.7,
0,m,49,Retail,Finanñe,rabrecNErab,no,m,white,bus,7,4.8,4.9,7.1,6,
1,f,23,manufacture,Commercial,youjs,my head,f,white,bus,6.2,3.4,6.4,7.1,2.9,
1,f,42,Retail,HR,empjs,no,m,grey,bus,3.8,5.5,5.7,4.8,3.7,
0,f,45,Retail,HR,friends,no,f,white,foot,3.8,6.9,8,6.3,5.2,
0,m,23,Retail,HR,empjs,no,f,white,car,4.6,1.9,7.2,5.6,7.5,
0,f,40,manufacture,HR,youjs,yes,m,white,bus,6.2,6.2,6.4,5.6,5.2,
0,f,25,Retail,HR,youjs,no,m,white,bus,7.8,3.4,5.7,5.6,8.3,
0,f,29,Retail,HR,empjs,my head,f,white,bus,6.2,6.9,8.7,3.3,2.9,
0,m,42,manufacture,Engineer,youjs,no,m,white,car,1.4,4.1,9.5,7.1,5.2,
0,m,32,etc,HR,recNErab,no,f,white,car,5.4,5.5,4.9,8.7,7.5,
0,f,37,Telecom,HR,empjs,no,f,white,bus,3.8,8.4,4.9,4,8.3,
0,f,22,Consult,HR,youjs,my head,f,white,foot,6.2,4.1,8,4,1.3,
0,f,22,Consult,HR,youjs,my head,f,white,foot,4.6,4.1,9.5,6.3,1.3,
0,m,27,Retail,Sales,referal,no,m,white,car,3.8,6.2,4.1,7.9,5.2,
0,f,28,etc,HR,youjs,no,m,white,bus,3.8,6.2,6.4,5.6,3.7,
0,m,31,Retail,Consult,youjs,no,f,white,bus,5.4,4.8,2.6,8.7,9.8,
0,m,38,manufacture,HR,KA,no,f,white,car,5.4,4.1,8,7.1,8.3,
0,m,38,manufacture,HR,KA,no,f,white,car,3,5.5,7.2,7.9,6,
0,f,23,Telecom,HR,rabrecNErab,my head,f,white,bus,2.2,6.2,8.7,4,2.1,
0,f,36,Retail,HR,KA,no,f,white,bus,4.6,6.9,3.3,6.3,9,
0,f,22,IT,HR,youjs,my head,m,white,bus,7.8,8.4,2.6,4,6.7,
0,f,22,IT,HR,youjs,my head,m,white,bus,7.8,7.6,3.3,4.8,6.7,
0,f,40,State,HR,friends,no,f,white,bus,3,6.9,8,4,3.7,
0,f,22,IT,IT,empjs,my head,m,white,foot,7,3.4,4.9,7.1,6.7,
0,m,37,Mining,Law,friends,no,m,white,car,3,4.8,4.1,7.1,7.5,
1,f,25,Mining,HR,KA,yes,f,white,foot,7,6.2,6.4,4,5.2,
0,m,37,Retail,Sales,friends,my head,m,white,bus,6.2,4.1,4.9,7.9,6.7,
0,m,30,Telecom,Sales,empjs,my head,f,grey,car,5.4,2.6,3.3,7.9,6,
0,f,24,Banks,HR,youjs,yes,f,white,bus,4.6,6.2,5.7,6.3,6.7,
1,f,35,Consult,Consult,friends,no,f,white,bus,5.4,5.5,3.3,4.8,6.7,
0,m,30,Retail,Commercial,recNErab,no,m,grey,car,3.8,4.1,8.7,4.8,5.2,
0,m,30,Retail,Commercial,recNErab,no,m,grey,car,5.4,3.4,9.5,6.3,3.7,
0,m,30,etc,Commercial,recNErab,no,m,grey,car,3.8,4.1,8.7,4.8,5.2,
0,m,30,etc,Commercial,recNErab,no,m,grey,car,5.4,3.4,9.5,6.3,3.7,
0,m,36,Telecom,HR,friends,my head,f,white,car,5.4,4.8,6.4,4.8,6.7,
0,f,30,Banks,HR,rabrecNErab,yes,f,white,car,4.6,6.9,4.1,6.3,7.5,
0,f,25,IT,HR,youjs,yes,f,white,bus,6.2,3.4,7.2,2.5,3.7,
0,f,25,IT,HR,youjs,yes,f,white,bus,6.2,5.5,7.2,7.1,4.4,
1,f,25,IT,HR,empjs,yes,f,white,bus,6.2,8.4,5.7,4,6,
1,f,26,Agriculture,HR,friends,no,f,white,car,3,3.4,6.4,7.1,6,
1,f,21,Consult,HR,youjs,my head,m,white,bus,5.4,6.9,7.2,2.5,4.4,
0,m,22,Banks,IT,friends,my head,m,white,bus,5.4,5.5,6.4,7.9,6,
1,f,25,Retail,HR,youjs,no,m,white,car,4.6,2.6,8,4,2.9,
0,f,31,IT,HR,youjs,no,f,white,car,4.6,3.4,7.2,7.1,4.4,
0,m,33,Consult,Consult,youjs,yes,m,white,bus,5.4,4.8,2.6,7.9,9,
0,f,38,etc,HR,friends,no,m,white,bus,7.8,7.6,2.6,5.6,7.5,
0,m,24,State,IT,empjs,my head,m,white,bus,6.2,3.4,2.6,7.1,5.2,
0,m,30,Retail,HR,youjs,no,m,white,bus,7.8,2.6,4.1,8.7,6.7,
0,f,32,manufacture,HR,youjs,no,m,white,bus,4.6,2.6,7.2,6.3,5.2,
0,f,28,Mining,HR,empjs,my head,f,white,car,5.4,4.8,4.9,7.9,5.2,
0,m,24,etc,Marketing,rabrecNErab,my head,f,white,bus,6.2,5.5,3.3,7.9,6.7,
0,m,36,manufacture,manage,friends,no,m,white,car,4.6,4.8,4.1,7.1,10,
0,f,26,IT,IT,empjs,no,m,white,foot,6.2,5.5,5.7,6.3,5.2,
0,f,26,Banks,HR,youjs,no,f,white,car,6.2,6.2,5.7,5.6,7.5,
0,f,26,Banks,HR,youjs,no,f,white,car,6.2,7.6,4.1,4.8,9,
1,f,26,Retail,HR,KA,no,f,white,bus,7,5.5,4.9,4.8,7.5,
0,m,30,Banks,Marketing,youjs,no,m,white,bus,7,2.6,4.1,8.7,9,
0,m,37,Retail,Sales,friends,my head,m,white,bus,6.2,4.1,4.9,7.9,6.7,
1,f,31,PowerGeneration,HR,youjs,no,f,white,bus,6.2,2.6,4.9,6.3,6.7,
0,m,26,transport,etc,referal,my head,m,white,bus,6.2,3.4,5.7,6.3,7.5,
1,m,44,manufacture,BusinessDevelopment,youjs,no,m,white,car,3,6.2,10,4,3.7,
1,f,23,Consult,HR,empjs,no,f,white,bus,3.8,4.1,8,7.9,5.2,
0,m,33,PowerGeneration,manage,friends,no,m,white,bus,4.6,6.2,9.5,5.6,4.4,
0,f,31,State,etc,advert,no,f,white,foot,9.4,5.5,3.3,3.3,5.2,
0,m,36,manufacture,HR,friends,no,m,white,bus,7,4.8,4.1,4,4.4,
1,f,39,manufacture,HR,youjs,no,m,white,bus,2.2,9.8,7.2,3.3,2.1,
0,f,29,Retail,HR,KA,my head,f,white,bus,4.6,4.1,8.7,4.8,4.4,
1,f,32,Banks,HR,recNErab,no,m,white,bus,7.8,7.6,4.1,1.7,5.2,
0,f,41,Retail,HR,youjs,no,m,grey,car,7.8,7.6,4.1,1.7,5.2,
0,m,25,etc,etc,referal,yes,m,white,car,4.6,5.5,8.7,4,3.7,
1,m,34,Banks,BusinessDevelopment,referal,no,m,white,bus,9.4,4.8,4.1,7.1,5.2,
1,m,34,Banks,BusinessDevelopment,referal,no,m,white,bus,7.8,4.8,3.3,7.1,5.2,
0,f,43,Pharma,HR,youjs,no,f,white,car,4.6,5.5,3.3,7.9,7.5,
0,m,54,Retail,Sales,empjs,my head,m,white,bus,7.8,2.6,4.9,8.7,7.5,
0,m,30,IT,Sales,recNErab,no,f,white,foot,7.8,3.4,1.8,7.1,7.5,
0,f,23,etc,HR,youjs,my head,f,white,bus,7,8.4,4.9,3.3,6.7,
1,m,22,IT,IT,youjs,no,m,white,bus,3.8,7.6,4.9,5.6,6,
0,f,35,etc,HR,rabrecNErab,no,f,white,bus,6.2,5.5,4.9,6.3,6,
0,f,37,Building,HR,rabrecNErab,no,m,white,bus,6.2,2.6,7.2,7.1,2.9,
0,m,23,Consult,Marketing,advert,my head,m,white,foot,6.2,6.2,7.2,4.8,5.2,
0,f,26,IT,HR,youjs,yes,m,grey,bus,3.8,3.4,8.7,7.1,6,
0,m,47,IT,Consult,rabrecNErab,no,m,white,bus,1.4,5.5,6.4,10,5.2,
0,m,47,IT,Consult,rabrecNErab,no,m,white,bus,2.2,5.5,7.2,9.4,6,
1,f,27,Retail,HR,youjs,my head,f,white,car,6.2,6.9,4.1,5.6,6,
0,f,34,IT,BusinessDevelopment,friends,my head,m,white,car,4.6,4.1,4.9,9.4,6.7,
0,m,25,Retail,etc,youjs,no,f,white,bus,4.6,4.8,6.4,7.9,6.7,
0,m,29,Retail,Finanñe,youjs,yes,m,white,bus,3.8,2.6,9.5,7.1,2.1,
1,f,31,Telecom,HR,rabrecNErab,no,m,white,bus,9.4,8.4,3.3,3.3,8.3,
1,f,31,transport,HR,empjs,no,m,white,bus,7,4.8,6.4,2.5,4.4,
1,f,32,manufacture,HR,empjs,no,m,white,car,5.4,4.8,7.2,4,8.3,
1,f,36,etc,HR,youjs,no,m,white,bus,4.6,4.1,6.4,7.1,2.1,
1,f,36,etc,HR,youjs,no,m,white,bus,5.4,3.4,6.4,4.8,2.9,
0,f,34,Retail,HR,youjs,my head,f,grey,car,4.6,4.8,4.1,7.1,9,
0,f,39,manufacture,HR,empjs,no,m,white,bus,7.8,4.1,2.6,7.9,6.7,
1,f,38,Building,HR,empjs,yes,f,grey,bus,3.8,4.1,5.7,4.8,9,
1,m,29,Retail,Sales,friends,my head,m,white,bus,8.6,4.8,2.6,8.7,7.5,
0,f,32,Retail,HR,rabrecNErab,no,m,grey,car,6.2,4.8,5.7,4,7.5,
0,f,32,IT,IT,youjs,my head,m,white,car,9.4,6.2,4.1,4.8,7.5,
0,f,32,IT,IT,youjs,my head,m,white,car,7,6.2,5.7,4.8,5.2,
0,f,23,etc,etc,youjs,no,f,white,bus,5.4,6.2,7.2,3.3,2.1,
1,f,25,Retail,manage,rabrecNErab,no,m,white,bus,4.6,5.5,6.4,5.6,7.5,
1,m,34,IT,Sales,friends,no,m,white,car,3,6.2,8,4.8,2.9,
0,f,43,Consult,Consult,empjs,yes,m,white,foot,6.2,5.5,3.3,7.9,9,
0,m,30,IT,IT,empjs,my head,m,white,car,3.8,5.5,2.6,9.4,3.7,
0,f,31,manufacture,HR,referal,my head,f,white,car,9.4,5.5,2.6,4.8,5.2,
0,f,25,Banks,HR,youjs,yes,m,white,car,7,2.6,4.9,7.9,5.2,
0,f,22,Consult,manage,youjs,my head,m,white,bus,7,4.8,5.7,7.1,7.5,
0,m,41,Agriculture,etc,youjs,no,f,white,car,3.8,6.9,2.6,7.1,6.7,
0,f,32,manufacture,HR,KA,no,m,white,bus,7,9.1,3.3,2.5,6,
1,m,21,Retail,manage,friends,no,f,grey,foot,4.6,6.9,4.9,7.1,6,
0,f,29,etc,HR,rabrecNErab,no,f,white,car,6.2,9.1,4.1,3.3,6.7,
0,f,29,etc,HR,rabrecNErab,no,f,white,car,7,7.6,3.3,3.3,6.7,
0,m,25,Retail,IT,empjs,my head,m,white,bus,4.6,6.9,2.6,4.8,6,
1,f,27,etc,HR,youjs,my head,f,white,bus,3.8,9.1,4.1,4.8,4.4,
1,f,32,Banks,HR,youjs,no,m,white,bus,3.8,4.1,6.4,7.9,6.7,
1,m,39,Mining,etc,friends,no,m,white,foot,3.8,6.9,4.1,7.1,7.5,
0,m,28,manufacture,HR,youjs,my head,f,white,car,6.2,3.4,4.9,6.3,6.7,
0,f,28,Banks,Sales,KA,no,m,white,car,7.8,4.8,3.3,6.3,7.5,
0,f,32,Retail,HR,recNErab,yes,m,white,bus,8.6,3.4,3.3,6.3,2.1,
0,m,32,IT,IT,empjs,my head,m,white,bus,3.8,7.6,4.9,4.8,4.4,
1,f,45,manufacture,HR,KA,no,m,grey,bus,5.4,4.1,8,4.8,3.7,
1,f,45,manufacture,HR,KA,no,m,grey,bus,5.4,5.5,5.7,4,8.3,
1,f,45,manufacture,HR,KA,no,m,grey,bus,3.8,8.4,5.7,3.3,7.5,
0,f,31,Consult,HR,youjs,my head,m,white,bus,2.2,6.9,6.4,4.8,2.1,
1,m,23,Banks,HR,rabrecNErab,my head,f,white,bus,4.6,7.6,5.7,4,5.2,
1,f,22,PowerGeneration,HR,recNErab,no,m,white,bus,7,4.8,4.9,6.3,7.5,
0,m,32,IT,IT,referal,yes,m,white,car,7,4.1,4.1,5.6,6,
0,f,20,IT,IT,empjs,my head,m,white,bus,9.4,4.8,2.6,4.8,9,
0,f,34,Retail,HR,youjs,no,f,white,car,9.4,5.5,1.8,4.8,6.7,
1,f,19,Agriculture,etc,referal,no,m,white,car,9.4,6.2,3.3,4,6,
0,m,38,Retail,Sales,KA,no,m,white,bus,7,2.6,6.4,5.6,5.2,
0,f,33,Retail,BusinessDevelopment,friends,my head,m,white,foot,4.6,3.4,6.4,6.3,6.7,
1,f,43,Retail,HR,empjs,no,f,white,bus,7,5.5,4.1,4,5.2,
0,f,38,manufacture,HR,friends,my head,f,white,bus,5.4,4.8,5.7,4,3.7,
1,f,27,Retail,HR,youjs,yes,f,grey,car,7.8,5.5,5.7,6.3,6,
0,m,34, HoReCa,IT,referal,no,m,white,bus,3.8,5.5,6.4,4,4.4,
1,m,24,Mining,Engineer,referal,no,m,white,bus,3.8,6.2,8,4,2.9,
1,m,36,Retail,etc,empjs,no,m,white,bus,3.8,4.1,8.7,6.3,5.2,
1,m,29,etc,PR,friends,no,m,white,bus,7,6.2,2.6,6.3,7.5,
0,m,43,IT,Sales,rabrecNErab,no,m,white,car,6.2,3.4,4.9,7.9,5.2,
0,f,39,transport,HR,friends,no,f,white,bus,3,7.6,7.2,4,7.5,
0,f,39,transport,HR,friends,no,f,white,bus,1.4,8.4,8,4.8,6,
0,m,31,IT,IT,youjs,no,m,white,bus,7.8,3.4,1.8,8.7,6.7,
0,m,34,IT,IT,referal,no,m,grey,bus,3.8,5.5,6.4,4,4.4,
0,f,31,Retail,HR,referal,yes,m,white,foot,6.2,6.2,3.3,4,9,
0,f,31,Retail,HR,referal,yes,m,white,foot,5.4,6.2,4.9,6.3,7.5,
0,f,22,Retail,HR,youjs,yes,f,white,bus,8.6,4.8,2.6,7.1,8.3,
1,m,41,Consult,HR,youjs,no,m,white,bus,3.8,4.1,6.4,9.4,6,
0,m,25,manufacture,HR,friends,no,f,white,bus,5.4,4.8,6.4,7.1,8.3,
0,f,19,IT,HR,youjs,yes,f,white,bus,7,2.6,6.4,7.1,2.1,
0,m,41,IT,IT,youjs,no,m,white,foot,5.4,4.1,4.9,7.9,7.5,
0,f,27,IT,HR,youjs,no,m,white,bus,3,5.5,6.4,6.3,4.4,
0,m,48,manufacture,Marketing,friends,no,m,white,bus,1.4,6.9,6.4,8.7,6,
0,f,27,Banks,HR,youjs,no,f,white,bus,9.4,5.5,3.3,4,7.5,
0,f,41,Banks,HR,rabrecNErab,my head,m,white,bus,8.6,3.4,2.6,4.8,8.3,
0,f,41,Banks,HR,rabrecNErab,my head,m,white,bus,8.6,3.4,2.6,4.8,8.3,
0,f,34,Telecom,Accounting,KA,no,f,white,bus,4.6,5.5,7.2,6.3,3.7,
0,f,51,Consult,HR,empjs,no,m,grey,bus,3.8,7.6,5.7,6.3,5.2,
0,f,29,Retail,HR,youjs,no,f,white,car,9.4,1.2,4.1,5.6,6.7,
